target,K,method,seed,episode,f1,auc
copiapo,1,dann,42,0,0.5555555555555556,0.6699999999999999
copiapo,1,dann,42,1,0.75,0.9800000000000001
copiapo,1,dann,42,2,0.6666666666666666,0.78
copiapo,1,dann,42,3,0.8333333333333334,0.88
copiapo,1,dann,42,4,0.5555555555555556,0.76
copiapo,1,dann,42,5,0.8571428571428571,0.98
copiapo,1,dann,42,6,0.6666666666666666,0.64
copiapo,1,dann,42,7,0.8333333333333334,0.81
copiapo,1,dann,42,8,0.46153846153846156,0.88
copiapo,1,dann,42,9,0.625,0.7799999999999999
copiapo,1,dann,42,10,0.36363636363636365,0.38
copiapo,1,dann,42,11,0.5714285714285714,0.86
copiapo,1,dann,42,12,0.6666666666666666,0.8
copiapo,1,dann,42,13,0.18181818181818182,0.6599999999999999
copiapo,1,dann,42,14,0.631578947368421,0.78
copiapo,1,dann,42,15,0.631578947368421,0.8400000000000001
copiapo,1,dann,42,16,0.6666666666666666,0.76
copiapo,1,dann,42,17,0.5,0.69
copiapo,1,dann,42,18,0.75,0.9600000000000001
copiapo,1,dann,42,19,0.625,0.645
copiapo,1,dann,42,20,0.7619047619047619,0.8999999999999999
copiapo,1,dann,42,21,0.631578947368421,0.765
copiapo,1,dann,42,22,0.47058823529411764,0.7
copiapo,1,dann,42,23,0.6428571428571429,0.53
copiapo,1,dann,42,24,0.5555555555555556,0.72
copiapo,1,dann,42,25,0.18181818181818182,0.64
copiapo,1,dann,42,26,0.5555555555555556,0.755
copiapo,1,dann,42,27,0.6666666666666666,0.7000000000000001
copiapo,1,dann,42,28,0.5263157894736842,0.76
copiapo,1,dann,42,29,0.5333333333333333,0.67
copiapo,1,dann,42,30,0.625,0.8599999999999999
copiapo,1,dann,42,31,0.5714285714285714,0.65
copiapo,1,dann,42,32,0.6086956521739131,0.6849999999999999
copiapo,1,dann,42,33,0.6666666666666666,0.86
copiapo,1,dann,42,34,0.4,0.32
copiapo,1,dann,42,35,0.5555555555555556,0.61
copiapo,1,dann,42,36,0.7058823529411765,0.8400000000000001
copiapo,1,dann,42,37,0.64,0.74
copiapo,1,dann,42,38,0.6666666666666666,0.92
copiapo,1,dann,42,39,0.5555555555555556,0.74
copiapo,1,dann,42,40,0.6923076923076923,0.71
copiapo,1,dann,42,41,0.56,0.6300000000000001
copiapo,1,dann,42,42,0.7777777777777778,0.79
copiapo,1,dann,42,43,0.7,0.785
copiapo,1,dann,42,44,0.46153846153846156,0.89
copiapo,1,dann,42,45,0.5333333333333333,0.76
copiapo,1,dann,42,46,0.42857142857142855,0.76
copiapo,1,dann,42,47,0.6,0.65
copiapo,1,dann,42,48,0.8181818181818182,0.8400000000000001
copiapo,1,dann,42,49,0.5217391304347826,0.38
copiapo,5,dann,42,0,0.5333333333333333,0.81
copiapo,5,dann,42,1,0.7619047619047619,0.86
copiapo,5,dann,42,2,0.72,0.78
copiapo,5,dann,42,3,0.6666666666666666,0.8200000000000001
copiapo,5,dann,42,4,0.6666666666666666,0.58
copiapo,5,dann,42,5,0.8181818181818182,0.93
copiapo,5,dann,42,6,0.6666666666666666,0.8500000000000001
copiapo,5,dann,42,7,0.5263157894736842,0.72
copiapo,5,dann,42,8,0.9,0.8800000000000001
copiapo,5,dann,42,9,0.7368421052631579,0.8300000000000001
copiapo,5,dann,42,10,0.9473684210526315,0.91
copiapo,5,dann,42,11,0.8333333333333334,0.905
copiapo,5,dann,42,12,0.7368421052631579,0.79
copiapo,5,dann,42,13,0.9473684210526315,1.0
copiapo,5,dann,42,14,0.8,0.8999999999999999
copiapo,5,dann,42,15,0.8,0.8400000000000002
copiapo,5,dann,42,16,0.9090909090909091,0.9099999999999999
copiapo,5,dann,42,17,0.75,0.8999999999999999
copiapo,5,dann,42,18,0.5454545454545454,0.515
copiapo,5,dann,42,19,0.8181818181818182,0.885
copiapo,5,dann,42,20,0.8888888888888888,0.99
copiapo,5,dann,42,21,0.6956521739130435,0.785
copiapo,5,dann,42,22,0.8,0.86
copiapo,5,dann,42,23,0.8181818181818182,0.9
copiapo,5,dann,42,24,0.8888888888888888,0.9500000000000002
copiapo,5,dann,42,25,0.782608695652174,0.86
copiapo,5,dann,42,26,0.5714285714285714,0.9500000000000001
copiapo,5,dann,42,27,1.0,0.9999999999999999
copiapo,5,dann,42,28,0.9,0.98
copiapo,5,dann,42,29,0.6956521739130435,0.81
copiapo,5,dann,42,30,0.631578947368421,0.7999999999999999
copiapo,5,dann,42,31,0.8571428571428571,0.87
copiapo,5,dann,42,32,0.72,0.8200000000000001
copiapo,5,dann,42,33,0.8421052631578947,0.83
copiapo,5,dann,42,34,0.7058823529411765,0.86
copiapo,5,dann,42,35,0.5714285714285714,0.97
copiapo,5,dann,42,36,0.9,0.9400000000000001
copiapo,5,dann,42,37,0.6086956521739131,0.77
copiapo,5,dann,42,38,0.35294117647058826,0.69
copiapo,5,dann,42,39,0.8571428571428571,0.83
copiapo,5,dann,42,40,0.8571428571428571,0.88
copiapo,5,dann,42,41,0.8421052631578947,0.915
copiapo,5,dann,42,42,0.8181818181818182,0.93
copiapo,5,dann,42,43,0.7058823529411765,0.9
copiapo,5,dann,42,44,0.9473684210526315,0.99
copiapo,5,dann,42,45,0.7058823529411765,0.96
copiapo,5,dann,42,46,0.8181818181818182,0.91
copiapo,5,dann,42,47,0.7777777777777778,0.9
copiapo,5,dann,42,48,0.7777777777777778,0.9199999999999999
copiapo,5,dann,42,49,0.6363636363636364,0.75
huasco,1,dann,42,0,0.75,0.88
huasco,1,dann,42,1,0.6666666666666666,0.75
huasco,1,dann,42,2,0.8,0.875
huasco,1,dann,42,3,0.75,0.94
huasco,1,dann,42,4,0.8,0.8600000000000001
huasco,1,dann,42,5,0.7692307692307693,0.88
huasco,1,dann,42,6,0.6666666666666666,0.9
huasco,1,dann,42,7,0.0,0.86
huasco,1,dann,42,8,0.8571428571428571,0.9000000000000001
huasco,1,dann,42,9,0.6,0.7
huasco,1,dann,42,10,0.5714285714285714,0.6699999999999999
huasco,1,dann,42,11,0.631578947368421,0.85
huasco,1,dann,42,12,0.5,0.65
huasco,1,dann,42,13,0.7619047619047619,0.8899999999999999
huasco,1,dann,42,14,0.7368421052631579,0.8300000000000001
huasco,1,dann,42,15,0.8181818181818182,0.8049999999999999
huasco,1,dann,42,16,0.8,0.9400000000000001
huasco,1,dann,42,17,0.4,0.74
huasco,1,dann,42,18,0.6666666666666666,0.79
huasco,1,dann,42,19,0.6,0.8
huasco,1,dann,42,20,0.7619047619047619,0.8999999999999999
huasco,1,dann,42,21,0.5714285714285714,0.92
huasco,1,dann,42,22,0.7619047619047619,0.88
huasco,1,dann,42,23,0.6956521739130435,0.67
huasco,1,dann,42,24,0.7619047619047619,0.9199999999999999
huasco,1,dann,42,25,0.75,0.74
huasco,1,dann,42,26,0.7619047619047619,0.8200000000000001
huasco,1,dann,42,27,0.6666666666666666,0.8
huasco,1,dann,42,28,0.7058823529411765,0.89
huasco,1,dann,42,29,0.8181818181818182,0.9199999999999999
huasco,1,dann,42,30,0.7619047619047619,0.84
huasco,1,dann,42,31,0.3076923076923077,0.4800000000000001
huasco,1,dann,42,32,0.8,0.96
huasco,1,dann,42,33,0.7619047619047619,0.8899999999999999
huasco,1,dann,42,34,0.8181818181818182,0.92
huasco,1,dann,42,35,0.5333333333333333,0.63
huasco,1,dann,42,36,0.631578947368421,0.8300000000000001
huasco,1,dann,42,37,0.7619047619047619,0.89
huasco,1,dann,42,38,0.7368421052631579,0.91
huasco,1,dann,42,39,0.9090909090909091,0.96
huasco,1,dann,42,40,0.7619047619047619,0.67
huasco,1,dann,42,41,0.38095238095238093,0.56
huasco,1,dann,42,42,0.8695652173913043,0.8699999999999999
huasco,1,dann,42,43,0.75,0.67
huasco,1,dann,42,44,0.6666666666666666,0.87
huasco,1,dann,42,45,0.8888888888888888,0.99
huasco,1,dann,42,46,0.6896551724137931,0.43000000000000005
huasco,1,dann,42,47,0.8,0.8599999999999999
huasco,1,dann,42,48,0.46153846153846156,0.35
huasco,1,dann,42,49,0.46153846153846156,0.83
huasco,5,dann,42,0,0.9090909090909091,0.9800000000000001
huasco,5,dann,42,1,0.9,0.9699999999999999
huasco,5,dann,42,2,0.75,0.93
huasco,5,dann,42,3,0.9,0.99
huasco,5,dann,42,4,0.9523809523809523,0.99
huasco,5,dann,42,5,0.6363636363636364,0.75
huasco,5,dann,42,6,0.8571428571428571,0.9500000000000001
huasco,5,dann,42,7,0.8181818181818182,0.9400000000000002
huasco,5,dann,42,8,1.0,1.0
huasco,5,dann,42,9,0.9473684210526315,1.0
huasco,5,dann,42,10,1.0,1.0
huasco,5,dann,42,11,0.7368421052631579,0.88
huasco,5,dann,42,12,0.7368421052631579,0.9
huasco,5,dann,42,13,0.631578947368421,0.84
huasco,5,dann,42,14,0.7,0.8700000000000001
huasco,5,dann,42,15,0.7777777777777778,0.9400000000000001
huasco,5,dann,42,16,1.0,1.0
huasco,5,dann,42,17,0.8571428571428571,0.915
huasco,5,dann,42,18,0.8333333333333334,0.99
huasco,5,dann,42,19,0.8235294117647058,0.99
huasco,5,dann,42,20,0.8888888888888888,1.0
huasco,5,dann,42,21,0.7777777777777778,0.8099999999999999
huasco,5,dann,42,22,0.7619047619047619,0.855
huasco,5,dann,42,23,0.5714285714285714,0.7100000000000001
huasco,5,dann,42,24,0.9,0.9700000000000001
huasco,5,dann,42,25,0.8181818181818182,0.925
huasco,5,dann,42,26,0.8333333333333334,0.885
huasco,5,dann,42,27,0.8571428571428571,0.9299999999999999
huasco,5,dann,42,28,0.8888888888888888,0.97
huasco,5,dann,42,29,1.0,1.0
huasco,5,dann,42,30,0.8571428571428571,0.9099999999999999
huasco,5,dann,42,31,0.5714285714285714,0.96
huasco,5,dann,42,32,0.8,0.9199999999999999
huasco,5,dann,42,33,0.75,0.74
huasco,5,dann,42,34,0.8333333333333334,0.96
huasco,5,dann,42,35,0.9090909090909091,0.9600000000000001
huasco,5,dann,42,36,0.8,0.94
huasco,5,dann,42,37,0.75,0.99
huasco,5,dann,42,38,0.7777777777777778,0.97
huasco,5,dann,42,39,0.5263157894736842,0.775
huasco,5,dann,42,40,0.9523809523809523,0.9800000000000001
huasco,5,dann,42,41,0.9523809523809523,0.93
huasco,5,dann,42,42,1.0,1.0
huasco,5,dann,42,43,0.6363636363636364,0.8200000000000001
huasco,5,dann,42,44,0.8181818181818182,0.87
huasco,5,dann,42,45,0.9090909090909091,0.99
huasco,5,dann,42,46,0.9,0.9200000000000002
huasco,5,dann,42,47,0.8421052631578947,0.87
huasco,5,dann,42,48,0.9090909090909091,0.93
huasco,5,dann,42,49,0.7777777777777778,0.9
huasco,10,dann,42,0,0.8888888888888888,0.99
huasco,10,dann,42,1,0.9,0.9099999999999999
huasco,10,dann,42,2,0.9090909090909091,0.94
huasco,10,dann,42,3,0.8421052631578947,0.9199999999999999
huasco,10,dann,42,4,0.8571428571428571,0.9400000000000002
huasco,10,dann,42,5,0.9,0.87
huasco,10,dann,42,6,0.8695652173913043,0.91
huasco,10,dann,42,7,0.6666666666666666,0.81
huasco,10,dann,42,8,0.8235294117647058,0.9600000000000001
huasco,10,dann,42,9,0.9,0.935
huasco,10,dann,42,10,0.9090909090909091,0.98
huasco,10,dann,42,11,1.0,0.9999999999999999
huasco,10,dann,42,12,0.782608695652174,0.93
huasco,10,dann,42,13,0.9,0.9700000000000001
huasco,10,dann,42,14,0.8571428571428571,0.9300000000000002
huasco,10,dann,42,15,0.9,0.9800000000000001
huasco,10,dann,42,16,0.8695652173913043,0.8549999999999999
huasco,10,dann,42,17,0.8,0.89
huasco,10,dann,42,18,1.0,1.0
huasco,10,dann,42,19,0.8571428571428571,0.96
huasco,10,dann,42,20,0.8695652173913043,0.915
huasco,10,dann,42,21,0.9090909090909091,0.915
huasco,10,dann,42,22,0.8,0.9
huasco,10,dann,42,23,0.7619047619047619,0.8600000000000001
huasco,10,dann,42,24,0.9,0.98
huasco,10,dann,42,25,0.7777777777777778,0.8400000000000001
huasco,10,dann,42,26,0.9523809523809523,0.9800000000000001
huasco,10,dann,42,27,0.75,0.9800000000000001
huasco,10,dann,42,28,0.9090909090909091,0.98
huasco,10,dann,42,29,0.9090909090909091,0.99
huasco,10,dann,42,30,0.8235294117647058,0.97
huasco,10,dann,42,31,0.7368421052631579,0.87
huasco,10,dann,42,32,0.8888888888888888,1.0
huasco,10,dann,42,33,0.8181818181818182,0.9099999999999999
huasco,10,dann,42,34,0.8,0.94
huasco,10,dann,42,35,0.9090909090909091,1.0
huasco,10,dann,42,36,0.8,0.9299999999999999
huasco,10,dann,42,37,0.9473684210526315,0.9900000000000001
huasco,10,dann,42,38,0.8421052631578947,0.8900000000000001
huasco,10,dann,42,39,0.5333333333333333,0.92
huasco,10,dann,42,40,0.9523809523809523,0.93
huasco,10,dann,42,41,0.8421052631578947,0.8999999999999999
huasco,10,dann,42,42,0.7777777777777778,0.9499999999999998
huasco,10,dann,42,43,0.9090909090909091,0.98
huasco,10,dann,42,44,0.9090909090909091,0.9199999999999999
huasco,10,dann,42,45,0.8,0.92
huasco,10,dann,42,46,0.7368421052631579,0.9299999999999999
huasco,10,dann,42,47,0.7,0.88
huasco,10,dann,42,48,0.47058823529411764,0.79
huasco,10,dann,42,49,1.0,1.0
huasco,20,dann,42,0,0.8,0.92
huasco,20,dann,42,1,1.0,1.0
huasco,20,dann,42,2,0.9523809523809523,0.98
huasco,20,dann,42,3,0.8181818181818182,0.79
huasco,20,dann,42,4,0.8571428571428571,0.9600000000000001
huasco,20,dann,42,5,0.8,0.85
huasco,20,dann,42,6,0.8,0.845
huasco,20,dann,42,7,0.8695652173913043,0.895
huasco,20,dann,42,8,0.9473684210526315,1.0
huasco,20,dann,42,9,0.8421052631578947,0.96
huasco,20,dann,42,10,1.0,1.0
huasco,20,dann,42,11,1.0,1.0
huasco,20,dann,42,12,0.9473684210526315,0.99
huasco,20,dann,42,13,0.8571428571428571,0.97
huasco,20,dann,42,14,0.8695652173913043,0.86
huasco,20,dann,42,15,0.9,0.9800000000000001
huasco,20,dann,42,16,0.8695652173913043,0.835
huasco,20,dann,42,17,0.9090909090909091,0.86
huasco,20,dann,42,18,0.9,0.9249999999999999
huasco,20,dann,42,19,1.0,1.0
huasco,20,dann,42,20,0.8571428571428571,0.91
huasco,20,dann,42,21,0.8421052631578947,0.9
huasco,20,dann,42,22,0.8181818181818182,0.775
huasco,20,dann,42,23,0.9090909090909091,1.0
huasco,20,dann,42,24,0.9,0.9400000000000001
huasco,20,dann,42,25,0.9,0.89
huasco,20,dann,42,26,0.7777777777777778,0.93
huasco,20,dann,42,27,0.9523809523809523,1.0
huasco,20,dann,42,28,1.0,1.0
huasco,20,dann,42,29,0.9523809523809523,1.0
huasco,20,dann,42,30,0.9523809523809523,1.0
huasco,20,dann,42,31,0.7777777777777778,0.94
huasco,20,dann,42,32,0.8333333333333334,0.93
huasco,20,dann,42,33,0.7777777777777778,0.9299999999999999
huasco,20,dann,42,34,0.8571428571428571,0.98
huasco,20,dann,42,35,0.7368421052631579,0.92
huasco,20,dann,42,36,0.8181818181818182,0.86
huasco,20,dann,42,37,0.9,0.98
huasco,20,dann,42,38,0.8235294117647058,0.99
huasco,20,dann,42,39,0.8421052631578947,0.98
huasco,20,dann,42,40,0.9523809523809523,0.9500000000000001
huasco,20,dann,42,41,1.0,1.0
huasco,20,dann,42,42,1.0,1.0
huasco,20,dann,42,43,0.8181818181818182,0.95
huasco,20,dann,42,44,0.782608695652174,0.65
huasco,20,dann,42,45,0.9,0.9700000000000001
huasco,20,dann,42,46,0.9090909090909091,0.96
huasco,20,dann,42,47,0.9473684210526315,1.0
huasco,20,dann,42,48,0.9473684210526315,1.0
huasco,20,dann,42,49,0.631578947368421,0.7
elqui,1,dann,42,0,0.782608695652174,0.87
elqui,1,dann,42,1,0.3333333333333333,0.7799999999999999
elqui,1,dann,42,2,0.75,0.98
elqui,1,dann,42,3,0.5454545454545454,0.64
elqui,1,dann,42,4,0.6666666666666666,0.8400000000000001
elqui,1,dann,42,5,0.7777777777777778,0.8400000000000001
elqui,1,dann,42,6,0.8421052631578947,0.92
elqui,1,dann,42,7,0.18181818181818182,0.9400000000000001
elqui,1,dann,42,8,0.47058823529411764,0.81
elqui,1,dann,42,9,0.5882352941176471,0.76
elqui,1,dann,42,10,0.5185185185185185,0.46
elqui,1,dann,42,11,0.8421052631578947,0.9400000000000001
elqui,1,dann,42,12,0.75,0.73
elqui,1,dann,42,13,0.7272727272727273,0.8500000000000001
elqui,1,dann,42,14,0.631578947368421,0.73
elqui,1,dann,42,15,0.7777777777777778,0.82
elqui,1,dann,42,16,0.8888888888888888,0.8900000000000001
elqui,1,dann,42,17,0.8181818181818182,0.7899999999999999
elqui,1,dann,42,18,0.8181818181818182,0.94
elqui,1,dann,42,19,0.8333333333333334,0.92
elqui,1,dann,42,20,0.46153846153846156,0.8200000000000001
elqui,1,dann,42,21,0.7619047619047619,0.9
elqui,1,dann,42,22,0.7692307692307693,0.5800000000000001
elqui,1,dann,42,23,0.5882352941176471,0.73
elqui,1,dann,42,24,0.2857142857142857,0.6200000000000001
elqui,1,dann,42,25,0.18181818181818182,0.89
elqui,1,dann,42,26,0.6666666666666666,0.8
elqui,1,dann,42,27,0.631578947368421,0.7000000000000001
elqui,1,dann,42,28,0.3076923076923077,0.6799999999999999
elqui,1,dann,42,29,0.18181818181818182,0.83
elqui,1,dann,42,30,0.75,0.76
elqui,1,dann,42,31,0.6206896551724138,0.63
elqui,1,dann,42,32,0.6666666666666666,0.715
elqui,1,dann,42,33,0.6086956521739131,0.74
elqui,1,dann,42,34,0.6363636363636364,0.73
elqui,1,dann,42,35,0.6666666666666666,0.8200000000000001
elqui,1,dann,42,36,0.5333333333333333,0.6
elqui,1,dann,42,37,0.625,0.67
elqui,1,dann,42,38,0.6666666666666666,0.91
elqui,1,dann,42,39,0.7,0.73
elqui,1,dann,42,40,0.7,0.82
elqui,1,dann,42,41,0.5333333333333333,0.775
elqui,1,dann,42,42,0.5454545454545454,0.67
elqui,1,dann,42,43,0.5882352941176471,0.6599999999999999
elqui,1,dann,42,44,0.782608695652174,0.73
elqui,1,dann,42,45,0.5555555555555556,0.74
elqui,1,dann,42,46,0.625,0.92
elqui,1,dann,42,47,0.5454545454545454,0.66
elqui,1,dann,42,48,0.6086956521739131,0.645
elqui,1,dann,42,49,0.5,0.56
elqui,5,dann,42,0,0.4444444444444444,0.63
elqui,5,dann,42,1,0.7368421052631579,0.89
elqui,5,dann,42,2,0.782608695652174,0.82
elqui,5,dann,42,3,0.5263157894736842,0.7050000000000001
elqui,5,dann,42,4,0.8,0.91
elqui,5,dann,42,5,0.631578947368421,0.84
elqui,5,dann,42,6,0.5555555555555556,0.8
elqui,5,dann,42,7,0.631578947368421,0.81
elqui,5,dann,42,8,0.75,0.835
elqui,5,dann,42,9,0.5882352941176471,0.78
elqui,5,dann,42,10,0.9,0.9900000000000001
elqui,5,dann,42,11,0.9523809523809523,1.0
elqui,5,dann,42,12,0.6956521739130435,0.89
elqui,5,dann,42,13,0.6666666666666666,0.88
elqui,5,dann,42,14,0.7777777777777778,0.85
elqui,5,dann,42,15,0.6,0.755
elqui,5,dann,42,16,0.9523809523809523,0.99
elqui,5,dann,42,17,0.7058823529411765,0.9
elqui,5,dann,42,18,0.625,0.9500000000000001
elqui,5,dann,42,19,0.7,0.86
elqui,5,dann,42,20,0.8,0.86
elqui,5,dann,42,21,0.6666666666666666,0.84
elqui,5,dann,42,22,0.5714285714285714,0.8200000000000001
elqui,5,dann,42,23,0.75,0.84
elqui,5,dann,42,24,0.7368421052631579,0.78
elqui,5,dann,42,25,0.7619047619047619,0.83
elqui,5,dann,42,26,0.8333333333333334,0.91
elqui,5,dann,42,27,0.6666666666666666,0.73
elqui,5,dann,42,28,0.6,0.72
elqui,5,dann,42,29,0.75,0.82
elqui,5,dann,42,30,0.7,0.825
elqui,5,dann,42,31,0.6666666666666666,0.86
elqui,5,dann,42,32,0.8571428571428571,0.92
elqui,5,dann,42,33,0.5555555555555556,0.6399999999999999
elqui,5,dann,42,34,0.8,0.89
elqui,5,dann,42,35,0.6666666666666666,0.79
elqui,5,dann,42,36,0.7368421052631579,0.8600000000000001
elqui,5,dann,42,37,0.75,0.9400000000000002
elqui,5,dann,42,38,0.6666666666666666,0.7600000000000001
elqui,5,dann,42,39,0.75,0.8300000000000001
elqui,5,dann,42,40,0.7,0.79
elqui,5,dann,42,41,0.8888888888888888,0.97
elqui,5,dann,42,42,0.7368421052631579,0.8200000000000001
elqui,5,dann,42,43,0.6,0.72
elqui,5,dann,42,44,0.7407407407407407,0.85
elqui,5,dann,42,45,0.7368421052631579,0.8
elqui,5,dann,42,46,0.631578947368421,0.8200000000000001
elqui,5,dann,42,47,0.7777777777777778,0.8099999999999999
elqui,5,dann,42,48,0.8888888888888888,0.9200000000000002
elqui,5,dann,42,49,0.8235294117647058,0.99
elqui,10,dann,42,0,0.8571428571428571,0.9299999999999999
elqui,10,dann,42,1,0.75,0.96
elqui,10,dann,42,2,0.782608695652174,0.86
elqui,10,dann,42,3,0.9523809523809523,1.0
elqui,10,dann,42,4,0.6666666666666666,0.8099999999999999
elqui,10,dann,42,5,0.7368421052631579,0.88
elqui,10,dann,42,6,0.6666666666666666,0.68
elqui,10,dann,42,7,0.72,0.84
elqui,10,dann,42,8,0.5882352941176471,0.89
elqui,10,dann,42,9,0.7058823529411765,0.9400000000000001
elqui,10,dann,42,10,0.8,0.96
elqui,10,dann,42,11,0.75,0.98
elqui,10,dann,42,12,0.5882352941176471,0.74
elqui,10,dann,42,13,0.8,0.8400000000000001
elqui,10,dann,42,14,0.8571428571428571,0.96
elqui,10,dann,42,15,0.7,0.81
elqui,10,dann,42,16,0.9090909090909091,0.98
elqui,10,dann,42,17,0.8,0.8900000000000001
elqui,10,dann,42,18,0.7058823529411765,0.9400000000000001
elqui,10,dann,42,19,0.8181818181818182,0.86
elqui,10,dann,42,20,0.625,0.88
elqui,10,dann,42,21,0.8,0.765
elqui,10,dann,42,22,0.7692307692307693,0.9
elqui,10,dann,42,23,0.6666666666666666,0.98
elqui,10,dann,42,24,0.7777777777777778,0.94
elqui,10,dann,42,25,0.8421052631578947,0.89
elqui,10,dann,42,26,0.8421052631578947,0.9499999999999998
elqui,10,dann,42,27,0.8695652173913043,1.0
elqui,10,dann,42,28,0.9,0.95
elqui,10,dann,42,29,0.7,0.86
elqui,10,dann,42,30,0.75,0.8400000000000001
elqui,10,dann,42,31,0.7777777777777778,0.86
elqui,10,dann,42,32,0.8333333333333334,0.825
elqui,10,dann,42,33,0.7058823529411765,0.815
elqui,10,dann,42,34,0.9523809523809523,0.93
elqui,10,dann,42,35,0.8571428571428571,0.915
elqui,10,dann,42,36,0.7058823529411765,0.8200000000000001
elqui,10,dann,42,37,0.8235294117647058,0.78
elqui,10,dann,42,38,0.5454545454545454,0.585
elqui,10,dann,42,39,0.75,0.8700000000000001
elqui,10,dann,42,40,0.7619047619047619,0.8099999999999999
elqui,10,dann,42,41,0.8235294117647058,0.97
elqui,10,dann,42,42,0.6,0.72
elqui,10,dann,42,43,0.7619047619047619,0.93
elqui,10,dann,42,44,0.8421052631578947,0.9
elqui,10,dann,42,45,0.782608695652174,0.8400000000000001
elqui,10,dann,42,46,0.8695652173913043,0.91
elqui,10,dann,42,47,0.7619047619047619,0.7
elqui,10,dann,42,48,0.8421052631578947,0.865
elqui,10,dann,42,49,0.3076923076923077,0.8
elqui,20,dann,42,0,0.8181818181818182,0.8300000000000001
elqui,20,dann,42,1,0.8181818181818182,0.855
elqui,20,dann,42,2,0.7619047619047619,0.84
elqui,20,dann,42,3,0.8,0.84
elqui,20,dann,42,4,0.8235294117647058,0.99
elqui,20,dann,42,5,1.0,1.0
elqui,20,dann,42,6,0.8235294117647058,0.9
elqui,20,dann,42,7,0.6666666666666666,0.7799999999999999
elqui,20,dann,42,8,0.7777777777777778,0.9400000000000001
elqui,20,dann,42,9,0.8571428571428571,0.93
elqui,20,dann,42,10,0.9,0.92
elqui,20,dann,42,11,0.7272727272727273,0.8799999999999999
elqui,20,dann,42,12,0.8181818181818182,0.74
elqui,20,dann,42,13,0.8695652173913043,0.89
elqui,20,dann,42,14,0.8181818181818182,0.8899999999999999
elqui,20,dann,42,15,0.7619047619047619,0.88
elqui,20,dann,42,16,0.7,0.8799999999999999
elqui,20,dann,42,17,0.9473684210526315,0.99
elqui,20,dann,42,18,0.9,0.99
elqui,20,dann,42,19,0.8333333333333334,0.97
elqui,20,dann,42,20,0.7777777777777778,0.88
elqui,20,dann,42,21,0.9,0.93
elqui,20,dann,42,22,0.8571428571428571,0.95
elqui,20,dann,42,23,0.7619047619047619,0.91
elqui,20,dann,42,24,0.8888888888888888,0.95
elqui,20,dann,42,25,0.8,0.91
elqui,20,dann,42,26,0.7619047619047619,0.77
elqui,20,dann,42,27,0.7619047619047619,0.89
elqui,20,dann,42,28,0.75,0.84
elqui,20,dann,42,29,0.8181818181818182,0.89
elqui,20,dann,42,30,0.8888888888888888,0.98
elqui,20,dann,42,31,0.7058823529411765,0.9400000000000001
elqui,20,dann,42,32,0.75,0.8499999999999999
elqui,20,dann,42,33,0.6363636363636364,0.74
elqui,20,dann,42,34,0.9,0.8800000000000001
elqui,20,dann,42,35,0.7777777777777778,0.9
elqui,20,dann,42,36,0.8888888888888888,0.96
elqui,20,dann,42,37,0.9473684210526315,1.0
elqui,20,dann,42,38,0.8421052631578947,0.9500000000000001
elqui,20,dann,42,39,0.7777777777777778,0.9
elqui,20,dann,42,40,0.6666666666666666,0.8
elqui,20,dann,42,41,0.7,0.78
elqui,20,dann,42,42,1.0,1.0
elqui,20,dann,42,43,0.8421052631578947,0.88
elqui,20,dann,42,44,0.8235294117647058,0.96
elqui,20,dann,42,45,0.9523809523809523,0.93
elqui,20,dann,42,46,0.7272727272727273,0.8099999999999999
elqui,20,dann,42,47,0.8421052631578947,0.93
elqui,20,dann,42,48,0.9523809523809523,0.9500000000000001
elqui,20,dann,42,49,0.8,0.92
limari,1,dann,42,0,0.6666666666666666,0.5
limari,1,dann,42,1,0.18181818181818182,0.8300000000000001
limari,1,dann,42,2,0.5714285714285714,0.61
limari,1,dann,42,3,0.5333333333333333,0.8300000000000001
limari,1,dann,42,4,0.72,0.6
limari,1,dann,42,5,0.6363636363636364,0.71
limari,1,dann,42,6,0.6896551724137931,0.48
limari,1,dann,42,7,0.6666666666666666,0.86
limari,1,dann,42,8,0.6363636363636364,0.64
limari,1,dann,42,9,0.64,0.47500000000000003
limari,1,dann,42,10,0.64,0.45000000000000007
limari,1,dann,42,11,0.4444444444444444,0.64
limari,1,dann,42,12,0.8,0.59
limari,1,dann,42,13,0.6666666666666666,0.72
limari,1,dann,42,14,0.6363636363636364,0.65
limari,1,dann,42,15,0.42857142857142855,0.69
limari,1,dann,42,16,0.42857142857142855,0.87
limari,1,dann,42,17,0.6363636363636364,0.58
limari,1,dann,42,18,0.3157894736842105,0.41000000000000003
limari,1,dann,42,19,0.5714285714285714,0.64
limari,1,dann,42,20,0.5714285714285714,0.31000000000000005
limari,1,dann,42,21,0.375,0.53
limari,1,dann,42,22,0.56,0.53
limari,1,dann,42,23,0.36363636363636365,0.48
limari,1,dann,42,24,0.5333333333333333,0.9
limari,1,dann,42,25,0.8181818181818182,0.75
limari,1,dann,42,26,0.47058823529411764,0.71
limari,1,dann,42,27,0.4,0.725
limari,1,dann,42,28,0.45454545454545453,0.38
limari,1,dann,42,29,0.5925925925925926,0.6499999999999999
limari,1,dann,42,30,0.72,0.5900000000000001
limari,1,dann,42,31,0.5,0.27
limari,1,dann,42,32,0.0,0.5
limari,1,dann,42,33,0.7692307692307693,0.83
limari,1,dann,42,34,0.6363636363636364,0.63
limari,1,dann,42,35,0.4444444444444444,0.61
limari,1,dann,42,36,0.6363636363636364,0.63
limari,1,dann,42,37,0.43478260869565216,0.42
limari,1,dann,42,38,0.7,0.73
limari,1,dann,42,39,0.3333333333333333,0.8999999999999999
limari,1,dann,42,40,0.6923076923076923,0.47000000000000003
limari,1,dann,42,41,0.56,0.43499999999999994
limari,1,dann,42,42,0.5454545454545454,0.56
limari,1,dann,42,43,0.6086956521739131,0.62
limari,1,dann,42,44,0.7368421052631579,0.84
limari,1,dann,42,45,0.5263157894736842,0.61
limari,1,dann,42,46,0.5555555555555556,0.73
limari,1,dann,42,47,0.46153846153846156,0.57
limari,1,dann,42,48,0.631578947368421,0.74
limari,1,dann,42,49,0.6363636363636364,0.6699999999999999
limari,5,dann,42,0,0.5333333333333333,0.8250000000000001
limari,5,dann,42,1,0.6086956521739131,0.71
limari,5,dann,42,2,0.2857142857142857,0.59
limari,5,dann,42,3,0.6153846153846154,0.74
limari,5,dann,42,4,0.8181818181818182,0.85
limari,5,dann,42,5,0.5,0.72
limari,5,dann,42,6,0.7272727272727273,0.7999999999999999
limari,5,dann,42,7,0.47058823529411764,0.68
limari,5,dann,42,8,0.7368421052631579,0.89
limari,5,dann,42,9,0.5882352941176471,0.82
limari,5,dann,42,10,0.72,0.63
limari,5,dann,42,11,0.6,0.6699999999999999
limari,5,dann,42,12,0.4,0.76
limari,5,dann,42,13,0.5,0.75
limari,5,dann,42,14,0.5714285714285714,0.6
limari,5,dann,42,15,0.7,0.63
limari,5,dann,42,16,0.75,0.64
limari,5,dann,42,17,0.7368421052631579,0.86
limari,5,dann,42,18,0.5,0.61
limari,5,dann,42,19,0.47058823529411764,0.76
limari,5,dann,42,20,0.8571428571428571,0.815
limari,5,dann,42,21,0.5,0.61
limari,5,dann,42,22,0.6666666666666666,0.655
limari,5,dann,42,23,0.5555555555555556,0.74
limari,5,dann,42,24,0.7619047619047619,0.75
limari,5,dann,42,25,0.5333333333333333,0.8200000000000001
limari,5,dann,42,26,0.7368421052631579,0.77
limari,5,dann,42,27,0.3076923076923077,0.76
limari,5,dann,42,28,0.6086956521739131,0.63
limari,5,dann,42,29,0.7407407407407407,0.49
limari,5,dann,42,30,0.6666666666666666,0.5800000000000001
limari,5,dann,42,31,0.6363636363636364,0.69
limari,5,dann,42,32,0.5714285714285714,0.61
limari,5,dann,42,33,0.4,0.45
limari,5,dann,42,34,0.6666666666666666,0.44999999999999996
limari,5,dann,42,35,0.26666666666666666,0.56
limari,5,dann,42,36,0.47058823529411764,0.78
limari,5,dann,42,37,0.6,0.7
limari,5,dann,42,38,0.631578947368421,0.78
limari,5,dann,42,39,0.782608695652174,0.685
limari,5,dann,42,40,0.5217391304347826,0.52
limari,5,dann,42,41,0.75,0.765
limari,5,dann,42,42,0.7,0.69
limari,5,dann,42,43,0.4,0.73
limari,5,dann,42,44,0.4,0.82
limari,5,dann,42,45,0.5,0.5800000000000001
limari,5,dann,42,46,0.8,0.92
limari,5,dann,42,47,0.631578947368421,0.785
limari,5,dann,42,48,0.7368421052631579,0.85
limari,5,dann,42,49,0.64,0.5800000000000001
limari,10,dann,42,0,0.5555555555555556,0.79
limari,10,dann,42,1,0.8181818181818182,0.765
limari,10,dann,42,2,0.6666666666666666,0.89
limari,10,dann,42,3,0.9090909090909091,0.9400000000000001
limari,10,dann,42,4,0.5714285714285714,0.78
limari,10,dann,42,5,0.7619047619047619,0.76
limari,10,dann,42,6,0.5263157894736842,0.6649999999999999
limari,10,dann,42,7,0.8181818181818182,0.8899999999999999
limari,10,dann,42,8,0.5714285714285714,0.545
limari,10,dann,42,9,0.7,0.71
limari,10,dann,42,10,0.7272727272727273,0.74
limari,10,dann,42,11,0.8181818181818182,0.8200000000000001
limari,10,dann,42,12,0.75,0.84
limari,10,dann,42,13,0.7777777777777778,0.85
limari,10,dann,42,14,0.7407407407407407,0.41000000000000003
limari,10,dann,42,15,0.6666666666666666,0.92
limari,10,dann,42,16,0.5,0.71
limari,10,dann,42,17,0.7,0.77
limari,10,dann,42,18,0.7619047619047619,0.9100000000000001
limari,10,dann,42,19,0.8333333333333334,0.8200000000000001
limari,10,dann,42,20,0.8,0.8200000000000001
limari,10,dann,42,21,0.6,0.71
limari,10,dann,42,22,0.7,0.76
limari,10,dann,42,23,0.7368421052631579,0.8500000000000001
limari,10,dann,42,24,0.7142857142857143,0.47
limari,10,dann,42,25,0.7619047619047619,0.72
limari,10,dann,42,26,0.5263157894736842,0.675
limari,10,dann,42,27,0.7368421052631579,0.8300000000000001
limari,10,dann,42,28,0.5882352941176471,0.7999999999999999
limari,10,dann,42,29,0.6923076923076923,0.72
limari,10,dann,42,30,0.375,0.64
limari,10,dann,42,31,0.6666666666666666,0.81
limari,10,dann,42,32,0.9090909090909091,0.86
limari,10,dann,42,33,0.5555555555555556,0.75
limari,10,dann,42,34,0.6363636363636364,0.6000000000000001
limari,10,dann,42,35,0.9,0.98
limari,10,dann,42,36,0.5882352941176471,0.76
limari,10,dann,42,37,0.631578947368421,0.78
limari,10,dann,42,38,0.8,0.9100000000000001
limari,10,dann,42,39,0.7619047619047619,0.78
limari,10,dann,42,40,0.631578947368421,0.78
limari,10,dann,42,41,0.7272727272727273,0.78
limari,10,dann,42,42,0.6666666666666666,0.72
limari,10,dann,42,43,0.7777777777777778,0.9100000000000001
limari,10,dann,42,44,0.631578947368421,0.84
limari,10,dann,42,45,0.6666666666666666,0.8999999999999999
limari,10,dann,42,46,0.6363636363636364,0.775
limari,10,dann,42,47,0.72,0.81
limari,10,dann,42,48,0.7272727272727273,0.685
limari,10,dann,42,49,0.7272727272727273,0.7
limari,20,dann,42,0,0.6666666666666666,1.0
limari,20,dann,42,1,0.5555555555555556,0.7799999999999999
limari,20,dann,42,2,0.6666666666666666,0.71
limari,20,dann,42,3,0.75,0.9900000000000001
limari,20,dann,42,4,0.7058823529411765,0.88
limari,20,dann,42,5,0.7,0.76
limari,20,dann,42,6,0.6666666666666666,0.78
limari,20,dann,42,7,0.6666666666666666,0.77
limari,20,dann,42,8,0.8571428571428571,0.89
limari,20,dann,42,9,0.7619047619047619,0.88
limari,20,dann,42,10,0.8571428571428571,0.91
limari,20,dann,42,11,0.6,0.72
limari,20,dann,42,12,0.7619047619047619,0.86
limari,20,dann,42,13,0.8421052631578947,0.94
limari,20,dann,42,14,0.631578947368421,0.65
limari,20,dann,42,15,0.9,0.8800000000000001
limari,20,dann,42,16,0.75,0.92
limari,20,dann,42,17,0.8181818181818182,0.9400000000000001
limari,20,dann,42,18,0.7619047619047619,0.8599999999999999
limari,20,dann,42,19,0.8333333333333334,0.7999999999999999
limari,20,dann,42,20,0.7272727272727273,0.73
limari,20,dann,42,21,0.7368421052631579,0.86
limari,20,dann,42,22,0.7,0.83
limari,20,dann,42,23,0.7272727272727273,0.7
limari,20,dann,42,24,0.7619047619047619,0.84
limari,20,dann,42,25,0.8571428571428571,0.88
limari,20,dann,42,26,0.6666666666666666,0.8900000000000001
limari,20,dann,42,27,0.5555555555555556,0.71
limari,20,dann,42,28,0.7,0.8300000000000001
limari,20,dann,42,29,0.6,0.74
limari,20,dann,42,30,0.75,0.98
limari,20,dann,42,31,0.6666666666666666,0.8699999999999999
limari,20,dann,42,32,0.6666666666666666,0.83
limari,20,dann,42,33,0.7368421052631579,0.82
limari,20,dann,42,34,0.7368421052631579,0.79
limari,20,dann,42,35,0.7272727272727273,0.75
limari,20,dann,42,36,0.7272727272727273,0.81
limari,20,dann,42,37,0.7368421052631579,0.84
limari,20,dann,42,38,0.7368421052631579,0.85
limari,20,dann,42,39,0.8181818181818182,0.85
limari,20,dann,42,40,0.47058823529411764,0.63
limari,20,dann,42,41,0.8695652173913043,0.8699999999999999
limari,20,dann,42,42,0.7058823529411765,0.9199999999999999
limari,20,dann,42,43,0.631578947368421,0.8699999999999999
limari,20,dann,42,44,0.8181818181818182,0.93
limari,20,dann,42,45,0.7272727272727273,0.79
limari,20,dann,42,46,0.4444444444444444,0.6000000000000001
limari,20,dann,42,47,0.8181818181818182,0.9299999999999999
limari,20,dann,42,48,0.7777777777777778,0.9099999999999999
limari,20,dann,42,49,0.7619047619047619,0.81
copiapo,1,dann,123,0,0.3333333333333333,0.8
copiapo,1,dann,123,1,0.6666666666666666,0.92
copiapo,1,dann,123,2,0.6666666666666666,0.78
copiapo,1,dann,123,3,0.7058823529411765,0.88
copiapo,1,dann,123,4,0.7619047619047619,0.77
copiapo,1,dann,123,5,0.631578947368421,0.61
copiapo,1,dann,123,6,0.6666666666666666,0.665
copiapo,1,dann,123,7,0.6666666666666666,0.6
copiapo,1,dann,123,8,0.6923076923076923,0.72
copiapo,1,dann,123,9,0.5833333333333334,0.56
copiapo,1,dann,123,10,0.75,0.88
copiapo,1,dann,123,11,0.75,0.94
copiapo,1,dann,123,12,0.375,0.67
copiapo,1,dann,123,13,0.5714285714285714,0.52
copiapo,1,dann,123,14,0.5333333333333333,0.8500000000000001
copiapo,1,dann,123,15,0.6666666666666666,0.84
copiapo,1,dann,123,16,0.75,0.6
copiapo,1,dann,123,17,0.7058823529411765,0.8699999999999999
copiapo,1,dann,123,18,0.5882352941176471,0.8200000000000001
copiapo,1,dann,123,19,0.6,0.6000000000000001
copiapo,1,dann,123,20,0.6666666666666666,0.84
copiapo,1,dann,123,21,0.6086956521739131,0.7000000000000001
copiapo,1,dann,123,22,0.782608695652174,0.74
copiapo,1,dann,123,23,0.7272727272727273,0.76
copiapo,1,dann,123,24,0.42857142857142855,0.76
copiapo,1,dann,123,25,0.5,0.7050000000000001
copiapo,1,dann,123,26,0.7272727272727273,0.5900000000000001
copiapo,1,dann,123,27,0.6666666666666666,0.8500000000000001
copiapo,1,dann,123,28,0.6896551724137931,0.7600000000000001
copiapo,1,dann,123,29,0.5,0.5700000000000001
copiapo,1,dann,123,30,0.46153846153846156,0.88
copiapo,1,dann,123,31,0.7368421052631579,0.79
copiapo,1,dann,123,32,0.631578947368421,0.76
copiapo,1,dann,123,33,0.6086956521739131,0.5
copiapo,1,dann,123,34,0.6666666666666666,0.8099999999999999
copiapo,1,dann,123,35,0.75,0.9800000000000001
copiapo,1,dann,123,36,0.8333333333333334,0.8
copiapo,1,dann,123,37,0.5714285714285714,0.625
copiapo,1,dann,123,38,0.0,0.71
copiapo,1,dann,123,39,0.8,0.71
copiapo,1,dann,123,40,0.72,0.66
copiapo,1,dann,123,41,0.8333333333333334,0.77
copiapo,1,dann,123,42,0.8571428571428571,0.86
copiapo,1,dann,123,43,0.5555555555555556,0.635
copiapo,1,dann,123,44,0.0,0.8300000000000001
copiapo,1,dann,123,45,0.5333333333333333,0.73
copiapo,1,dann,123,46,0.75,1.0
copiapo,1,dann,123,47,0.6363636363636364,0.73
copiapo,1,dann,123,48,0.42105263157894735,0.37
copiapo,1,dann,123,49,0.625,0.82
copiapo,5,dann,123,0,0.5,0.8300000000000001
copiapo,5,dann,123,1,0.7368421052631579,0.9099999999999999
copiapo,5,dann,123,2,0.782608695652174,0.9400000000000001
copiapo,5,dann,123,3,0.8181818181818182,0.88
copiapo,5,dann,123,4,0.6,0.79
copiapo,5,dann,123,5,0.7058823529411765,0.92
copiapo,5,dann,123,6,0.782608695652174,0.76
copiapo,5,dann,123,7,0.625,0.8799999999999999
copiapo,5,dann,123,8,0.6923076923076923,0.745
copiapo,5,dann,123,9,0.4444444444444444,0.6799999999999999
copiapo,5,dann,123,10,0.782608695652174,0.77
copiapo,5,dann,123,11,0.7368421052631579,0.8400000000000001
copiapo,5,dann,123,12,0.46153846153846156,0.8200000000000001
copiapo,5,dann,123,13,0.8235294117647058,0.97
copiapo,5,dann,123,14,0.8333333333333334,0.89
copiapo,5,dann,123,15,0.7058823529411765,0.9400000000000001
copiapo,5,dann,123,16,0.6666666666666666,0.88
copiapo,5,dann,123,17,0.7777777777777778,0.9
copiapo,5,dann,123,18,0.631578947368421,0.76
copiapo,5,dann,123,19,0.7368421052631579,0.86
copiapo,5,dann,123,20,0.5555555555555556,0.76
copiapo,5,dann,123,21,0.47058823529411764,0.53
copiapo,5,dann,123,22,0.6666666666666666,0.7999999999999999
copiapo,5,dann,123,23,0.3076923076923077,0.7999999999999999
copiapo,5,dann,123,24,0.782608695652174,0.8150000000000001
copiapo,5,dann,123,25,0.7272727272727273,0.6900000000000001
copiapo,5,dann,123,26,0.8,0.87
copiapo,5,dann,123,27,0.631578947368421,0.76
copiapo,5,dann,123,28,0.5882352941176471,0.75
copiapo,5,dann,123,29,0.7272727272727273,0.76
copiapo,5,dann,123,30,0.631578947368421,0.8200000000000001
copiapo,5,dann,123,31,0.625,0.82
copiapo,5,dann,123,32,0.9090909090909091,0.96
copiapo,5,dann,123,33,0.8181818181818182,0.89
copiapo,5,dann,123,34,0.8695652173913043,0.87
copiapo,5,dann,123,35,0.6,0.715
copiapo,5,dann,123,36,0.7058823529411765,0.7099999999999999
copiapo,5,dann,123,37,0.8,0.9099999999999999
copiapo,5,dann,123,38,0.7,0.8
copiapo,5,dann,123,39,0.72,0.79
copiapo,5,dann,123,40,0.7692307692307693,0.6499999999999999
copiapo,5,dann,123,41,0.7368421052631579,0.92
copiapo,5,dann,123,42,0.8,0.88
copiapo,5,dann,123,43,0.3333333333333333,0.97
copiapo,5,dann,123,44,0.42857142857142855,0.9199999999999999
copiapo,5,dann,123,45,0.8421052631578947,0.89
copiapo,5,dann,123,46,0.782608695652174,0.87
copiapo,5,dann,123,47,0.47058823529411764,0.76
copiapo,5,dann,123,48,0.72,0.7000000000000001
copiapo,5,dann,123,49,0.5714285714285714,0.95
huasco,1,dann,123,0,0.5384615384615384,0.52
huasco,1,dann,123,1,0.4444444444444444,0.49
huasco,1,dann,123,2,0.75,0.74
huasco,1,dann,123,3,0.7619047619047619,0.7000000000000001
huasco,1,dann,123,4,0.625,0.8899999999999999
huasco,1,dann,123,5,0.6153846153846154,0.4600000000000001
huasco,1,dann,123,6,0.7058823529411765,0.8500000000000002
huasco,1,dann,123,7,0.625,0.94
huasco,1,dann,123,8,0.6666666666666666,0.84
huasco,1,dann,123,9,0.6363636363636364,0.77
huasco,1,dann,123,10,0.75,0.8899999999999999
huasco,1,dann,123,11,0.26666666666666666,0.66
huasco,1,dann,123,12,0.8,0.89
huasco,1,dann,123,13,0.7,0.7899999999999999
huasco,1,dann,123,14,0.5333333333333333,0.89
huasco,1,dann,123,15,0.72,0.705
huasco,1,dann,123,16,0.7619047619047619,0.75
huasco,1,dann,123,17,0.5555555555555556,0.85
huasco,1,dann,123,18,0.21052631578947367,0.34
huasco,1,dann,123,19,0.5333333333333333,0.79
huasco,1,dann,123,20,0.42105263157894735,0.5900000000000001
huasco,1,dann,123,21,0.8333333333333334,0.845
huasco,1,dann,123,22,0.8235294117647058,0.93
huasco,1,dann,123,23,0.16666666666666666,0.1
huasco,1,dann,123,24,0.7142857142857143,0.9
huasco,1,dann,123,25,0.72,0.73
huasco,1,dann,123,26,0.7777777777777778,0.8
huasco,1,dann,123,27,0.5882352941176471,0.6200000000000001
huasco,1,dann,123,28,0.3333333333333333,0.63
huasco,1,dann,123,29,0.6,0.69
huasco,1,dann,123,30,0.7,0.76
huasco,1,dann,123,31,0.8181818181818182,0.83
huasco,1,dann,123,32,0.18181818181818182,0.7999999999999999
huasco,1,dann,123,33,0.7272727272727273,0.81
huasco,1,dann,123,34,0.8,0.885
huasco,1,dann,123,35,0.6956521739130435,0.7
huasco,1,dann,123,36,0.5333333333333333,0.87
huasco,1,dann,123,37,0.8421052631578947,0.89
huasco,1,dann,123,38,0.7272727272727273,0.81
huasco,1,dann,123,39,0.6,0.72
huasco,1,dann,123,40,0.7368421052631579,0.89
huasco,1,dann,123,41,0.8,0.8599999999999999
huasco,1,dann,123,42,0.782608695652174,0.81
huasco,1,dann,123,43,0.42857142857142855,0.69
huasco,1,dann,123,44,0.8235294117647058,0.92
huasco,1,dann,123,45,0.782608695652174,0.9
huasco,1,dann,123,46,0.782608695652174,0.75
huasco,1,dann,123,47,0.782608695652174,0.83
huasco,1,dann,123,48,0.3333333333333333,0.5
huasco,1,dann,123,49,0.9090909090909091,0.8899999999999999
huasco,5,dann,123,0,0.8,0.8400000000000001
huasco,5,dann,123,1,0.9,0.9700000000000001
huasco,5,dann,123,2,0.8695652173913043,0.865
huasco,5,dann,123,3,0.7777777777777778,0.96
huasco,5,dann,123,4,0.8571428571428571,0.9299999999999999
huasco,5,dann,123,5,0.8235294117647058,0.99
huasco,5,dann,123,6,0.8181818181818182,0.9
huasco,5,dann,123,7,0.8181818181818182,0.9700000000000001
huasco,5,dann,123,8,0.7058823529411765,0.88
huasco,5,dann,123,9,0.9,0.91
huasco,5,dann,123,10,0.75,0.95
huasco,5,dann,123,11,0.7777777777777778,0.96
huasco,5,dann,123,12,0.8695652173913043,1.0
huasco,5,dann,123,13,0.9,0.95
huasco,5,dann,123,14,0.8235294117647058,0.97
huasco,5,dann,123,15,0.64,0.65
huasco,5,dann,123,16,0.8235294117647058,0.99
huasco,5,dann,123,17,0.6666666666666666,0.8
huasco,5,dann,123,18,0.631578947368421,0.75
huasco,5,dann,123,19,0.3333333333333333,0.9199999999999999
huasco,5,dann,123,20,0.8235294117647058,0.9
huasco,5,dann,123,21,0.7777777777777778,0.9299999999999999
huasco,5,dann,123,22,0.6666666666666666,0.8600000000000001
huasco,5,dann,123,23,0.8,0.9
huasco,5,dann,123,24,0.8695652173913043,0.9800000000000001
huasco,5,dann,123,25,0.47058823529411764,0.75
huasco,5,dann,123,26,0.9523809523809523,0.97
huasco,5,dann,123,27,0.75,0.97
huasco,5,dann,123,28,0.7777777777777778,0.96
huasco,5,dann,123,29,0.625,0.86
huasco,5,dann,123,30,0.5333333333333333,0.85
huasco,5,dann,123,31,0.782608695652174,0.87
huasco,5,dann,123,32,1.0,1.0
huasco,5,dann,123,33,0.8695652173913043,0.84
huasco,5,dann,123,34,0.5882352941176471,0.76
huasco,5,dann,123,35,0.9,0.9500000000000001
huasco,5,dann,123,36,0.8421052631578947,0.93
huasco,5,dann,123,37,0.8571428571428571,0.9400000000000001
huasco,5,dann,123,38,0.8421052631578947,0.9
huasco,5,dann,123,39,0.8,0.9099999999999999
huasco,5,dann,123,40,0.8888888888888888,0.9999999999999999
huasco,5,dann,123,41,0.9523809523809523,1.0
huasco,5,dann,123,42,0.8181818181818182,0.8899999999999999
huasco,5,dann,123,43,0.75,0.9800000000000001
huasco,5,dann,123,44,0.9,0.9700000000000001
huasco,5,dann,123,45,0.9473684210526315,1.0
huasco,5,dann,123,46,0.9473684210526315,0.9899999999999999
huasco,5,dann,123,47,0.8,0.91
huasco,5,dann,123,48,0.8421052631578947,0.9400000000000001
huasco,5,dann,123,49,0.8571428571428571,0.9800000000000001
huasco,10,dann,123,0,0.8888888888888888,1.0
huasco,10,dann,123,1,0.8695652173913043,0.925
huasco,10,dann,123,2,0.8421052631578947,0.96
huasco,10,dann,123,3,0.9,0.9499999999999998
huasco,10,dann,123,4,0.9523809523809523,0.94
huasco,10,dann,123,5,0.75,0.7400000000000001
huasco,10,dann,123,6,0.7619047619047619,0.88
huasco,10,dann,123,7,0.8235294117647058,0.94
huasco,10,dann,123,8,0.8571428571428571,0.82
huasco,10,dann,123,9,0.9,0.93
huasco,10,dann,123,10,0.8,0.865
huasco,10,dann,123,11,0.9473684210526315,0.99
huasco,10,dann,123,12,0.8421052631578947,0.9400000000000001
huasco,10,dann,123,13,0.5714285714285714,1.0
huasco,10,dann,123,14,0.8421052631578947,0.97
huasco,10,dann,123,15,0.9090909090909091,0.9400000000000001
huasco,10,dann,123,16,0.8888888888888888,0.97
huasco,10,dann,123,17,0.8571428571428571,0.88
huasco,10,dann,123,18,0.9523809523809523,0.99
huasco,10,dann,123,19,0.9090909090909091,0.9600000000000001
huasco,10,dann,123,20,0.7777777777777778,0.95
huasco,10,dann,123,21,0.6666666666666666,0.92
huasco,10,dann,123,22,0.9523809523809523,0.9400000000000001
huasco,10,dann,123,23,0.5333333333333333,0.9099999999999999
huasco,10,dann,123,24,0.9,0.9800000000000001
huasco,10,dann,123,25,0.9,0.97
huasco,10,dann,123,26,0.8,0.92
huasco,10,dann,123,27,0.8333333333333334,0.9400000000000001
huasco,10,dann,123,28,0.9523809523809523,1.0
huasco,10,dann,123,29,0.9,0.96
huasco,10,dann,123,30,0.8421052631578947,0.9600000000000001
huasco,10,dann,123,31,0.7619047619047619,0.77
huasco,10,dann,123,32,0.9523809523809523,0.99
huasco,10,dann,123,33,0.9090909090909091,0.91
huasco,10,dann,123,34,0.9090909090909091,0.91
huasco,10,dann,123,35,0.9473684210526315,1.0
huasco,10,dann,123,36,0.9,0.9500000000000001
huasco,10,dann,123,37,0.9473684210526315,1.0
huasco,10,dann,123,38,0.9473684210526315,1.0
huasco,10,dann,123,39,0.9,0.9400000000000001
huasco,10,dann,123,40,0.8333333333333334,0.8300000000000001
huasco,10,dann,123,41,0.9090909090909091,0.9600000000000001
huasco,10,dann,123,42,0.7058823529411765,0.93
huasco,10,dann,123,43,0.8333333333333334,1.0
huasco,10,dann,123,44,0.8888888888888888,1.0
huasco,10,dann,123,45,0.75,1.0
huasco,10,dann,123,46,0.7368421052631579,0.8350000000000001
huasco,10,dann,123,47,0.9523809523809523,0.99
huasco,10,dann,123,48,0.9090909090909091,0.98
huasco,10,dann,123,49,0.9473684210526315,0.98
huasco,20,dann,123,0,0.7619047619047619,0.87
huasco,20,dann,123,1,0.9473684210526315,1.0
huasco,20,dann,123,2,0.8,0.89
huasco,20,dann,123,3,0.8421052631578947,0.8900000000000001
huasco,20,dann,123,4,0.9090909090909091,0.9099999999999999
huasco,20,dann,123,5,0.6666666666666666,0.76
huasco,20,dann,123,6,0.9523809523809523,0.93
huasco,20,dann,123,7,0.8571428571428571,0.9600000000000001
huasco,20,dann,123,8,1.0,1.0
huasco,20,dann,123,9,1.0,1.0
huasco,20,dann,123,10,0.9523809523809523,0.97
huasco,20,dann,123,11,0.8888888888888888,1.0
huasco,20,dann,123,12,1.0,1.0
huasco,20,dann,123,13,1.0,1.0
huasco,20,dann,123,14,0.9,0.9900000000000001
huasco,20,dann,123,15,0.9090909090909091,0.925
huasco,20,dann,123,16,0.7777777777777778,0.8400000000000001
huasco,20,dann,123,17,1.0,1.0
huasco,20,dann,123,18,0.8888888888888888,0.97
huasco,20,dann,123,19,0.9,0.99
huasco,20,dann,123,20,0.9090909090909091,0.915
huasco,20,dann,123,21,0.8888888888888888,0.9900000000000001
huasco,20,dann,123,22,0.8571428571428571,0.9299999999999999
huasco,20,dann,123,23,1.0,1.0
huasco,20,dann,123,24,0.7777777777777778,0.97
huasco,20,dann,123,25,0.8571428571428571,0.905
huasco,20,dann,123,26,0.8888888888888888,0.98
huasco,20,dann,123,27,0.9090909090909091,0.9
huasco,20,dann,123,28,0.9473684210526315,0.92
huasco,20,dann,123,29,0.8235294117647058,0.98
huasco,20,dann,123,30,0.8695652173913043,0.8749999999999999
huasco,20,dann,123,31,0.9090909090909091,0.9400000000000001
huasco,20,dann,123,32,0.8,0.9000000000000001
huasco,20,dann,123,33,0.9090909090909091,0.93
huasco,20,dann,123,34,1.0,0.9999999999999999
huasco,20,dann,123,35,1.0,1.0
huasco,20,dann,123,36,0.9,0.9800000000000001
huasco,20,dann,123,37,1.0,1.0
huasco,20,dann,123,38,0.9473684210526315,1.0
huasco,20,dann,123,39,0.8571428571428571,0.9400000000000002
huasco,20,dann,123,40,0.9090909090909091,0.99
huasco,20,dann,123,41,0.8571428571428571,0.94
huasco,20,dann,123,42,0.7368421052631579,0.86
huasco,20,dann,123,43,0.8571428571428571,0.98
huasco,20,dann,123,44,0.8888888888888888,1.0
huasco,20,dann,123,45,0.8695652173913043,1.0
huasco,20,dann,123,46,0.8421052631578947,0.8999999999999999
huasco,20,dann,123,47,0.9,0.97
huasco,20,dann,123,48,0.8571428571428571,0.96
huasco,20,dann,123,49,0.8,0.85
elqui,1,dann,123,0,0.75,0.7000000000000001
elqui,1,dann,123,1,0.6666666666666666,0.7100000000000001
elqui,1,dann,123,2,0.5,0.64
elqui,1,dann,123,3,0.6363636363636364,0.71
elqui,1,dann,123,4,0.6666666666666666,0.59
elqui,1,dann,123,5,0.72,0.64
elqui,1,dann,123,6,0.7619047619047619,0.9000000000000001
elqui,1,dann,123,7,0.782608695652174,0.77
elqui,1,dann,123,8,0.782608695652174,0.74
elqui,1,dann,123,9,0.42857142857142855,0.77
elqui,1,dann,123,10,0.8181818181818182,0.73
elqui,1,dann,123,11,0.782608695652174,0.715
elqui,1,dann,123,12,0.15384615384615385,0.73
elqui,1,dann,123,13,0.7058823529411765,0.79
elqui,1,dann,123,14,0.5454545454545454,0.59
elqui,1,dann,123,15,0.6956521739130435,0.6799999999999999
elqui,1,dann,123,16,0.7777777777777778,0.9
elqui,1,dann,123,17,0.4,0.27
elqui,1,dann,123,18,0.6666666666666666,0.6
elqui,1,dann,123,19,0.6666666666666666,0.9600000000000001
elqui,1,dann,123,20,0.7777777777777778,0.97
elqui,1,dann,123,21,0.6666666666666666,0.8200000000000002
elqui,1,dann,123,22,0.7692307692307693,0.52
elqui,1,dann,123,23,0.47619047619047616,0.41000000000000003
elqui,1,dann,123,24,0.72,0.64
elqui,1,dann,123,25,0.8571428571428571,0.89
elqui,1,dann,123,26,0.7272727272727273,0.665
elqui,1,dann,123,27,0.6956521739130435,0.7999999999999999
elqui,1,dann,123,28,0.5333333333333333,0.8600000000000001
elqui,1,dann,123,29,0.75,0.78
elqui,1,dann,123,30,0.7272727272727273,0.73
elqui,1,dann,123,31,0.7407407407407407,0.55
elqui,1,dann,123,32,0.8,0.6
elqui,1,dann,123,33,0.6666666666666666,0.65
elqui,1,dann,123,34,0.6666666666666666,0.81
elqui,1,dann,123,35,0.16666666666666666,0.8300000000000001
elqui,1,dann,123,36,0.6666666666666666,0.7999999999999999
elqui,1,dann,123,37,0.43478260869565216,0.22999999999999998
elqui,1,dann,123,38,0.64,0.6799999999999999
elqui,1,dann,123,39,0.8235294117647058,0.93
elqui,1,dann,123,40,0.7058823529411765,0.8999999999999999
elqui,1,dann,123,41,0.6666666666666666,0.9299999999999999
elqui,1,dann,123,42,0.6956521739130435,0.85
elqui,1,dann,123,43,0.46153846153846156,0.86
elqui,1,dann,123,44,0.8,0.685
elqui,1,dann,123,45,0.8235294117647058,0.92
elqui,1,dann,123,46,0.72,0.78
elqui,1,dann,123,47,0.4444444444444444,0.5750000000000001
elqui,1,dann,123,48,0.8,0.8300000000000001
elqui,1,dann,123,49,0.7272727272727273,0.83
elqui,5,dann,123,0,0.5333333333333333,0.8500000000000001
elqui,5,dann,123,1,0.46153846153846156,0.9100000000000001
elqui,5,dann,123,2,0.7619047619047619,0.7999999999999999
elqui,5,dann,123,3,0.8333333333333334,0.84
elqui,5,dann,123,4,0.8333333333333334,0.8200000000000001
elqui,5,dann,123,5,0.7777777777777778,0.88
elqui,5,dann,123,6,0.6363636363636364,0.72
elqui,5,dann,123,7,0.6666666666666666,0.75
elqui,5,dann,123,8,0.3333333333333333,0.85
elqui,5,dann,123,9,0.8333333333333334,0.92
elqui,5,dann,123,10,0.8695652173913043,0.8099999999999999
elqui,5,dann,123,11,0.7368421052631579,0.855
elqui,5,dann,123,12,0.8,0.8500000000000001
elqui,5,dann,123,13,0.5454545454545454,0.49000000000000005
elqui,5,dann,123,14,0.8571428571428571,0.9349999999999999
elqui,5,dann,123,15,0.5,0.72
elqui,5,dann,123,16,0.5882352941176471,0.74
elqui,5,dann,123,17,0.6666666666666666,0.95
elqui,5,dann,123,18,0.35294117647058826,0.5700000000000001
elqui,5,dann,123,19,0.6666666666666666,0.81
elqui,5,dann,123,20,0.5714285714285714,0.76
elqui,5,dann,123,21,0.6666666666666666,0.86
elqui,5,dann,123,22,0.6666666666666666,0.645
elqui,5,dann,123,23,0.5,0.66
elqui,5,dann,123,24,0.631578947368421,0.755
elqui,5,dann,123,25,0.625,0.9100000000000001
elqui,5,dann,123,26,0.7368421052631579,0.8400000000000001
elqui,5,dann,123,27,0.6666666666666666,0.83
elqui,5,dann,123,28,0.8571428571428571,0.9000000000000001
elqui,5,dann,123,29,0.782608695652174,0.76
elqui,5,dann,123,30,0.72,0.5700000000000001
elqui,5,dann,123,31,0.6666666666666666,0.88
elqui,5,dann,123,32,0.9473684210526315,0.99
elqui,5,dann,123,33,0.7777777777777778,0.9
elqui,5,dann,123,34,0.8888888888888888,0.9400000000000001
elqui,5,dann,123,35,0.5882352941176471,0.83
elqui,5,dann,123,36,0.782608695652174,0.87
elqui,5,dann,123,37,0.8888888888888888,0.94
elqui,5,dann,123,38,0.8235294117647058,0.83
elqui,5,dann,123,39,0.8571428571428571,0.9099999999999999
elqui,5,dann,123,40,0.8,0.8800000000000001
elqui,5,dann,123,41,0.6363636363636364,0.54
elqui,5,dann,123,42,0.8235294117647058,0.9400000000000001
elqui,5,dann,123,43,0.6363636363636364,0.6699999999999999
elqui,5,dann,123,44,0.16666666666666666,0.86
elqui,5,dann,123,45,0.7272727272727273,0.79
elqui,5,dann,123,46,0.8571428571428571,0.9200000000000002
elqui,5,dann,123,47,0.75,0.88
elqui,5,dann,123,48,0.782608695652174,0.85
elqui,5,dann,123,49,0.16666666666666666,0.73
elqui,10,dann,123,0,0.9473684210526315,0.9700000000000001
elqui,10,dann,123,1,0.6363636363636364,0.6950000000000001
elqui,10,dann,123,2,0.782608695652174,0.9300000000000002
elqui,10,dann,123,3,0.7619047619047619,0.87
elqui,10,dann,123,4,0.7058823529411765,0.875
elqui,10,dann,123,5,0.7619047619047619,0.775
elqui,10,dann,123,6,0.8,0.8400000000000001
elqui,10,dann,123,7,0.5333333333333333,0.86
elqui,10,dann,123,8,0.8421052631578947,0.92
elqui,10,dann,123,9,0.6,0.65
elqui,10,dann,123,10,0.8421052631578947,0.96
elqui,10,dann,123,11,0.8571428571428571,0.95
elqui,10,dann,123,12,0.7619047619047619,0.795
elqui,10,dann,123,13,0.75,0.7899999999999999
elqui,10,dann,123,14,0.8421052631578947,0.9199999999999999
elqui,10,dann,123,15,0.7272727272727273,0.795
elqui,10,dann,123,16,0.8235294117647058,0.9800000000000001
elqui,10,dann,123,17,0.8181818181818182,0.8800000000000001
elqui,10,dann,123,18,0.8421052631578947,0.9
elqui,10,dann,123,19,0.8235294117647058,0.85
elqui,10,dann,123,20,0.8571428571428571,0.93
elqui,10,dann,123,21,0.7619047619047619,0.78
elqui,10,dann,123,22,0.7272727272727273,0.7999999999999999
elqui,10,dann,123,23,0.8571428571428571,0.9400000000000001
elqui,10,dann,123,24,0.8,0.9199999999999999
elqui,10,dann,123,25,0.9523809523809523,0.99
elqui,10,dann,123,26,0.7619047619047619,0.87
elqui,10,dann,123,27,0.7368421052631579,0.91
elqui,10,dann,123,28,0.7058823529411765,0.84
elqui,10,dann,123,29,0.9473684210526315,0.9500000000000001
elqui,10,dann,123,30,0.6666666666666666,0.725
elqui,10,dann,123,31,0.8888888888888888,1.0
elqui,10,dann,123,32,0.9,0.99
elqui,10,dann,123,33,0.7619047619047619,0.87
elqui,10,dann,123,34,0.7619047619047619,0.91
elqui,10,dann,123,35,0.8571428571428571,0.89
elqui,10,dann,123,36,0.8571428571428571,0.9600000000000001
elqui,10,dann,123,37,0.7619047619047619,0.88
elqui,10,dann,123,38,0.5,0.8400000000000001
elqui,10,dann,123,39,0.8695652173913043,0.9
elqui,10,dann,123,40,0.6666666666666666,0.815
elqui,10,dann,123,41,0.7058823529411765,0.82
elqui,10,dann,123,42,0.631578947368421,0.74
elqui,10,dann,123,43,0.8888888888888888,0.94
elqui,10,dann,123,44,0.8888888888888888,0.9500000000000001
elqui,10,dann,123,45,0.7692307692307693,0.5599999999999999
elqui,10,dann,123,46,0.6666666666666666,0.8200000000000001
elqui,10,dann,123,47,0.8235294117647058,0.9400000000000001
elqui,10,dann,123,48,0.8888888888888888,0.96
elqui,10,dann,123,49,0.9,0.96
elqui,20,dann,123,0,0.7619047619047619,0.8600000000000001
elqui,20,dann,123,1,0.8888888888888888,0.92
elqui,20,dann,123,2,0.8181818181818182,0.8200000000000001
elqui,20,dann,123,3,0.8,0.91
elqui,20,dann,123,4,0.8,0.8999999999999999
elqui,20,dann,123,5,0.631578947368421,0.74
elqui,20,dann,123,6,0.8181818181818182,0.87
elqui,20,dann,123,7,0.8181818181818182,0.81
elqui,20,dann,123,8,0.9523809523809523,1.0
elqui,20,dann,123,9,0.7058823529411765,0.7100000000000001
elqui,20,dann,123,10,0.8571428571428571,0.92
elqui,20,dann,123,11,0.7368421052631579,0.88
elqui,20,dann,123,12,0.7272727272727273,0.7699999999999999
elqui,20,dann,123,13,0.8888888888888888,0.9800000000000001
elqui,20,dann,123,14,0.7058823529411765,0.89
elqui,20,dann,123,15,0.7368421052631579,0.8
elqui,20,dann,123,16,0.6666666666666666,0.83
elqui,20,dann,123,17,0.9090909090909091,0.96
elqui,20,dann,123,18,0.8333333333333334,0.97
elqui,20,dann,123,19,0.782608695652174,0.89
elqui,20,dann,123,20,0.7272727272727273,0.78
elqui,20,dann,123,21,0.9090909090909091,0.93
elqui,20,dann,123,22,0.9,0.96
elqui,20,dann,123,23,0.7777777777777778,0.89
elqui,20,dann,123,24,0.9090909090909091,0.9400000000000001
elqui,20,dann,123,25,0.5555555555555556,0.8
elqui,20,dann,123,26,0.7,0.87
elqui,20,dann,123,27,0.75,0.9
elqui,20,dann,123,28,0.8888888888888888,0.97
elqui,20,dann,123,29,0.9523809523809523,0.97
elqui,20,dann,123,30,0.782608695652174,0.83
elqui,20,dann,123,31,0.8181818181818182,0.9199999999999999
elqui,20,dann,123,32,0.8,0.78
elqui,20,dann,123,33,0.8,0.8600000000000001
elqui,20,dann,123,34,0.8571428571428571,0.8500000000000001
elqui,20,dann,123,35,0.7058823529411765,0.9
elqui,20,dann,123,36,0.8571428571428571,0.88
elqui,20,dann,123,37,0.6666666666666666,0.77
elqui,20,dann,123,38,0.6666666666666666,0.7200000000000001
elqui,20,dann,123,39,0.8695652173913043,0.92
elqui,20,dann,123,40,0.8421052631578947,0.895
elqui,20,dann,123,41,0.7777777777777778,0.9199999999999999
elqui,20,dann,123,42,0.7619047619047619,0.79
elqui,20,dann,123,43,0.8571428571428571,0.9699999999999999
elqui,20,dann,123,44,0.8181818181818182,0.88
elqui,20,dann,123,45,0.8695652173913043,0.925
elqui,20,dann,123,46,0.7777777777777778,0.95
elqui,20,dann,123,47,0.8571428571428571,0.9700000000000001
elqui,20,dann,123,48,0.7619047619047619,0.86
elqui,20,dann,123,49,0.9523809523809523,1.0
limari,1,dann,123,0,0.36363636363636365,0.26
limari,1,dann,123,1,0.35294117647058826,0.38999999999999996
limari,1,dann,123,2,0.6086956521739131,0.495
limari,1,dann,123,3,0.3333333333333333,0.87
limari,1,dann,123,4,0.631578947368421,0.71
limari,1,dann,123,5,0.6923076923076923,0.61
limari,1,dann,123,6,0.6,0.76
limari,1,dann,123,7,0.47058823529411764,0.65
limari,1,dann,123,8,0.6363636363636364,0.53
limari,1,dann,123,9,0.5263157894736842,0.65
limari,1,dann,123,10,0.2857142857142857,0.66
limari,1,dann,123,11,0.375,0.63
limari,1,dann,123,12,0.631578947368421,0.78
limari,1,dann,123,13,0.64,0.48
limari,1,dann,123,14,0.7619047619047619,0.77
limari,1,dann,123,15,0.6086956521739131,0.48000000000000004
limari,1,dann,123,16,0.6666666666666666,0.73
limari,1,dann,123,17,0.5217391304347826,0.32
limari,1,dann,123,18,0.5,0.52
limari,1,dann,123,19,0.5263157894736842,0.63
limari,1,dann,123,20,0.8,0.68
limari,1,dann,123,21,0.5714285714285714,0.605
limari,1,dann,123,22,0.7,0.73
limari,1,dann,123,23,0.0,0.73
limari,1,dann,123,24,0.4166666666666667,0.21
limari,1,dann,123,25,0.5,0.52
limari,1,dann,123,26,0.5714285714285714,0.6
limari,1,dann,123,27,0.42105263157894735,0.56
limari,1,dann,123,28,0.5714285714285714,0.65
limari,1,dann,123,29,0.5555555555555556,0.61
limari,1,dann,123,30,0.4,0.6399999999999999
limari,1,dann,123,31,0.5454545454545454,0.55
limari,1,dann,123,32,0.4444444444444444,0.61
limari,1,dann,123,33,0.5,0.52
limari,1,dann,123,34,0.4444444444444444,0.61
limari,1,dann,123,35,0.7272727272727273,0.7
limari,1,dann,123,36,0.8,0.85
limari,1,dann,123,37,0.7407407407407407,0.5
limari,1,dann,123,38,0.6363636363636364,0.56
limari,1,dann,123,39,0.6666666666666666,0.5700000000000001
limari,1,dann,123,40,0.43478260869565216,0.37
limari,1,dann,123,41,0.6086956521739131,0.37
limari,1,dann,123,42,0.5,0.51
limari,1,dann,123,43,0.72,0.62
limari,1,dann,123,44,0.56,0.49
limari,1,dann,123,45,0.6956521739130435,0.68
limari,1,dann,123,46,0.6666666666666666,0.39
limari,1,dann,123,47,0.5714285714285714,0.55
limari,1,dann,123,48,0.6363636363636364,0.69
limari,1,dann,123,49,0.6666666666666666,0.6
limari,5,dann,123,0,0.5714285714285714,0.66
limari,5,dann,123,1,0.782608695652174,0.65
limari,5,dann,123,2,0.5,0.73
limari,5,dann,123,3,0.4444444444444444,0.63
limari,5,dann,123,4,0.6956521739130435,0.5800000000000001
limari,5,dann,123,5,0.3333333333333333,0.54
limari,5,dann,123,6,0.7272727272727273,0.64
limari,5,dann,123,7,0.4,0.63
limari,5,dann,123,8,0.26666666666666666,0.61
limari,5,dann,123,9,0.5333333333333333,0.8300000000000001
limari,5,dann,123,10,0.3157894736842105,0.455
limari,5,dann,123,11,0.5,0.6349999999999999
limari,5,dann,123,12,0.5263157894736842,0.58
limari,5,dann,123,13,0.4444444444444444,0.59
limari,5,dann,123,14,0.6666666666666666,0.68
limari,5,dann,123,15,0.6363636363636364,0.71
limari,5,dann,123,16,0.5882352941176471,0.73
limari,5,dann,123,17,0.35294117647058826,0.52
limari,5,dann,123,18,0.9,0.9700000000000001
limari,5,dann,123,19,0.7368421052631579,0.77
limari,5,dann,123,20,0.6363636363636364,0.55
limari,5,dann,123,21,0.5,0.76
limari,5,dann,123,22,0.6363636363636364,0.54
limari,5,dann,123,23,0.35294117647058826,0.6
limari,5,dann,123,24,0.6666666666666666,0.8800000000000001
limari,5,dann,123,25,0.72,0.6900000000000001
limari,5,dann,123,26,0.7,0.8
limari,5,dann,123,27,0.5454545454545454,0.5900000000000001
limari,5,dann,123,28,0.7692307692307693,0.59
limari,5,dann,123,29,0.7,0.81
limari,5,dann,123,30,0.5555555555555556,0.72
limari,5,dann,123,31,0.23529411764705882,0.5800000000000001
limari,5,dann,123,32,0.15384615384615385,0.6399999999999999
limari,5,dann,123,33,0.7368421052631579,0.8
limari,5,dann,123,34,0.6666666666666666,0.64
limari,5,dann,123,35,0.375,0.45
limari,5,dann,123,36,0.5714285714285714,0.8900000000000001
limari,5,dann,123,37,0.6,0.63
limari,5,dann,123,38,0.6666666666666666,0.67
limari,5,dann,123,39,0.375,0.34
limari,5,dann,123,40,0.47058823529411764,0.65
limari,5,dann,123,41,0.375,0.58
limari,5,dann,123,42,0.375,0.76
limari,5,dann,123,43,0.64,0.36000000000000004
limari,5,dann,123,44,0.64,0.535
limari,5,dann,123,45,0.6,0.8
limari,5,dann,123,46,0.4444444444444444,0.59
limari,5,dann,123,47,0.5,0.57
limari,5,dann,123,48,0.6666666666666666,0.54
limari,5,dann,123,49,0.8,0.6799999999999999
limari,10,dann,123,0,0.631578947368421,0.78
limari,10,dann,123,1,0.3333333333333333,0.83
limari,10,dann,123,2,0.8181818181818182,0.7999999999999999
limari,10,dann,123,3,0.6666666666666666,0.8200000000000001
limari,10,dann,123,4,0.7,0.7999999999999999
limari,10,dann,123,5,0.6666666666666666,0.58
limari,10,dann,123,6,0.6666666666666666,0.78
limari,10,dann,123,7,0.5714285714285714,0.6
limari,10,dann,123,8,0.72,0.5700000000000001
limari,10,dann,123,9,0.6666666666666666,0.64
limari,10,dann,123,10,0.631578947368421,0.6799999999999999
limari,10,dann,123,11,0.75,0.8600000000000001
limari,10,dann,123,12,0.6363636363636364,0.63
limari,10,dann,123,13,0.8235294117647058,0.87
limari,10,dann,123,14,0.47058823529411764,0.56
limari,10,dann,123,15,0.5,0.5800000000000001
limari,10,dann,123,16,0.6,0.63
limari,10,dann,123,17,0.6666666666666666,0.61
limari,10,dann,123,18,0.6363636363636364,0.7400000000000001
limari,10,dann,123,19,0.5454545454545454,0.59
limari,10,dann,123,20,0.42857142857142855,0.84
limari,10,dann,123,21,0.8181818181818182,0.85
limari,10,dann,123,22,0.5555555555555556,0.73
limari,10,dann,123,23,0.7272727272727273,0.77
limari,10,dann,123,24,0.7619047619047619,0.76
limari,10,dann,123,25,0.5555555555555556,0.75
limari,10,dann,123,26,0.631578947368421,0.725
limari,10,dann,123,27,0.7619047619047619,0.7300000000000001
limari,10,dann,123,28,0.4,0.69
limari,10,dann,123,29,0.7142857142857143,0.5800000000000001
limari,10,dann,123,30,0.8571428571428571,0.93
limari,10,dann,123,31,0.6666666666666666,0.72
limari,10,dann,123,32,0.5555555555555556,0.7100000000000001
limari,10,dann,123,33,0.5882352941176471,0.76
limari,10,dann,123,34,0.47058823529411764,0.68
limari,10,dann,123,35,0.7368421052631579,0.76
limari,10,dann,123,36,0.8333333333333334,0.7799999999999999
limari,10,dann,123,37,0.7619047619047619,0.8300000000000001
limari,10,dann,123,38,0.7272727272727273,0.67
limari,10,dann,123,39,0.6666666666666666,0.62
limari,10,dann,123,40,0.6666666666666666,0.87
limari,10,dann,123,41,0.8695652173913043,0.77
limari,10,dann,123,42,0.75,0.83
limari,10,dann,123,43,0.7368421052631579,0.84
limari,10,dann,123,44,0.8,0.88
limari,10,dann,123,45,0.6,0.66
limari,10,dann,123,46,0.6086956521739131,0.61
limari,10,dann,123,47,0.5882352941176471,0.6299999999999999
limari,10,dann,123,48,0.7777777777777778,0.86
limari,10,dann,123,49,0.7619047619047619,0.92
limari,20,dann,123,0,0.8181818181818182,0.9
limari,20,dann,123,1,0.6,0.75
limari,20,dann,123,2,0.631578947368421,0.73
limari,20,dann,123,3,0.631578947368421,0.8300000000000001
limari,20,dann,123,4,0.631578947368421,0.8200000000000001
limari,20,dann,123,5,0.782608695652174,0.79
limari,20,dann,123,6,0.6956521739130435,0.64
limari,20,dann,123,7,0.375,0.72
limari,20,dann,123,8,0.7368421052631579,0.83
limari,20,dann,123,9,0.6666666666666666,0.8
limari,20,dann,123,10,0.631578947368421,0.8600000000000001
limari,20,dann,123,11,0.7272727272727273,0.8400000000000001
limari,20,dann,123,12,0.5882352941176471,0.79
limari,20,dann,123,13,0.9090909090909091,1.0
limari,20,dann,123,14,0.7,0.74
limari,20,dann,123,15,0.5882352941176471,0.83
limari,20,dann,123,16,0.7368421052631579,0.85
limari,20,dann,123,17,0.7368421052631579,0.7599999999999999
limari,20,dann,123,18,0.7272727272727273,0.8300000000000001
limari,20,dann,123,19,0.5882352941176471,0.75
limari,20,dann,123,20,0.7777777777777778,0.9099999999999999
limari,20,dann,123,21,0.631578947368421,0.77
limari,20,dann,123,22,0.6,0.75
limari,20,dann,123,23,0.7777777777777778,0.9
limari,20,dann,123,24,0.5263157894736842,0.78
limari,20,dann,123,25,0.5882352941176471,0.8300000000000001
limari,20,dann,123,26,0.6666666666666666,0.8
limari,20,dann,123,27,0.8181818181818182,0.91
limari,20,dann,123,28,0.7619047619047619,0.89
limari,20,dann,123,29,0.782608695652174,0.87
limari,20,dann,123,30,0.42857142857142855,0.65
limari,20,dann,123,31,0.625,0.86
limari,20,dann,123,32,0.7777777777777778,0.8600000000000001
limari,20,dann,123,33,0.5555555555555556,0.7100000000000001
limari,20,dann,123,34,0.4444444444444444,0.64
limari,20,dann,123,35,0.7368421052631579,0.84
limari,20,dann,123,36,0.7272727272727273,0.8200000000000001
limari,20,dann,123,37,0.3333333333333333,0.52
limari,20,dann,123,38,0.6666666666666666,0.78
limari,20,dann,123,39,0.631578947368421,0.7899999999999999
limari,20,dann,123,40,0.7619047619047619,0.73
limari,20,dann,123,41,0.6666666666666666,0.78
limari,20,dann,123,42,0.8,0.87
limari,20,dann,123,43,0.6,0.77
limari,20,dann,123,44,0.6,0.65
limari,20,dann,123,45,0.6666666666666666,0.79
limari,20,dann,123,46,0.5882352941176471,0.79
limari,20,dann,123,47,0.631578947368421,0.71
limari,20,dann,123,48,0.8695652173913043,0.92
limari,20,dann,123,49,0.7368421052631579,0.84
copiapo,1,dann,7,0,0.75,0.6599999999999999
copiapo,1,dann,7,1,0.5263157894736842,0.505
copiapo,1,dann,7,2,0.7692307692307693,0.7999999999999999
copiapo,1,dann,7,3,0.631578947368421,0.6900000000000001
copiapo,1,dann,7,4,0.625,0.81
copiapo,1,dann,7,5,0.5,0.32999999999999996
copiapo,1,dann,7,6,0.5263157894736842,0.73
copiapo,1,dann,7,7,0.42857142857142855,0.8
copiapo,1,dann,7,8,0.5714285714285714,0.94
copiapo,1,dann,7,9,0.6086956521739131,0.72
copiapo,1,dann,7,10,0.56,0.59
copiapo,1,dann,7,11,0.48,0.58
copiapo,1,dann,7,12,0.7777777777777778,0.8200000000000001
copiapo,1,dann,7,13,0.5,0.74
copiapo,1,dann,7,14,0.5882352941176471,0.86
copiapo,1,dann,7,15,0.8235294117647058,0.96
copiapo,1,dann,7,16,0.18181818181818182,0.86
copiapo,1,dann,7,17,0.42857142857142855,0.8099999999999999
copiapo,1,dann,7,18,0.5263157894736842,0.68
copiapo,1,dann,7,19,0.6,0.76
copiapo,1,dann,7,20,0.47058823529411764,0.76
copiapo,1,dann,7,21,0.5714285714285714,0.49
copiapo,1,dann,7,22,0.8,0.86
copiapo,1,dann,7,23,0.6,0.73
copiapo,1,dann,7,24,0.5333333333333333,0.72
copiapo,1,dann,7,25,0.5555555555555556,0.64
copiapo,1,dann,7,26,0.3333333333333333,0.8600000000000001
copiapo,1,dann,7,27,0.75,0.78
copiapo,1,dann,7,28,0.46153846153846156,0.85
copiapo,1,dann,7,29,0.6666666666666666,0.6900000000000001
copiapo,1,dann,7,30,0.72,0.7
copiapo,1,dann,7,31,0.5555555555555556,0.65
copiapo,1,dann,7,32,0.6666666666666666,0.75
copiapo,1,dann,7,33,0.5925925925925926,0.26
copiapo,1,dann,7,34,0.6666666666666666,0.9500000000000001
copiapo,1,dann,7,35,0.6666666666666666,0.7699999999999999
copiapo,1,dann,7,36,0.42857142857142855,0.77
copiapo,1,dann,7,37,0.35294117647058826,0.48
copiapo,1,dann,7,38,0.18181818181818182,0.7
copiapo,1,dann,7,39,0.3333333333333333,0.79
copiapo,1,dann,7,40,0.5333333333333333,0.7899999999999999
copiapo,1,dann,7,41,0.5,0.7
copiapo,1,dann,7,42,0.5333333333333333,0.67
copiapo,1,dann,7,43,0.5333333333333333,0.8600000000000001
copiapo,1,dann,7,44,0.6666666666666666,0.5900000000000001
copiapo,1,dann,7,45,0.3333333333333333,0.8500000000000001
copiapo,1,dann,7,46,0.6428571428571429,0.5499999999999999
copiapo,1,dann,7,47,0.7619047619047619,0.73
copiapo,1,dann,7,48,0.7058823529411765,0.78
copiapo,1,dann,7,49,0.46153846153846156,0.86
copiapo,5,dann,7,0,0.9523809523809523,0.99
copiapo,5,dann,7,1,0.782608695652174,0.91
copiapo,5,dann,7,2,0.7058823529411765,0.8899999999999999
copiapo,5,dann,7,3,0.8181818181818182,0.845
copiapo,5,dann,7,4,0.8235294117647058,0.91
copiapo,5,dann,7,5,0.7,0.795
copiapo,5,dann,7,6,0.631578947368421,0.78
copiapo,5,dann,7,7,0.7,0.8400000000000001
copiapo,5,dann,7,8,0.8181818181818182,0.8600000000000001
copiapo,5,dann,7,9,0.5,0.7999999999999999
copiapo,5,dann,7,10,0.8571428571428571,0.89
copiapo,5,dann,7,11,0.9,0.96
copiapo,5,dann,7,12,0.8571428571428571,0.9
copiapo,5,dann,7,13,0.8421052631578947,0.905
copiapo,5,dann,7,14,0.8,0.91
copiapo,5,dann,7,15,0.7272727272727273,0.65
copiapo,5,dann,7,16,0.8571428571428571,0.91
copiapo,5,dann,7,17,0.7058823529411765,0.9199999999999999
copiapo,5,dann,7,18,0.5263157894736842,0.725
copiapo,5,dann,7,19,0.9,0.9299999999999999
copiapo,5,dann,7,20,0.5714285714285714,0.655
copiapo,5,dann,7,21,0.8421052631578947,0.8949999999999999
copiapo,5,dann,7,22,0.9090909090909091,0.865
copiapo,5,dann,7,23,0.7777777777777778,0.91
copiapo,5,dann,7,24,0.8181818181818182,0.855
copiapo,5,dann,7,25,0.625,0.8200000000000001
copiapo,5,dann,7,26,0.8235294117647058,0.92
copiapo,5,dann,7,27,0.5714285714285714,0.9
copiapo,5,dann,7,28,0.6666666666666666,0.99
copiapo,5,dann,7,29,0.7058823529411765,0.9400000000000001
copiapo,5,dann,7,30,0.782608695652174,0.87
copiapo,5,dann,7,31,0.8421052631578947,0.9500000000000002
copiapo,5,dann,7,32,0.7777777777777778,0.92
copiapo,5,dann,7,33,0.6666666666666666,0.86
copiapo,5,dann,7,34,0.8235294117647058,0.92
copiapo,5,dann,7,35,0.8181818181818182,0.8200000000000001
copiapo,5,dann,7,36,0.8181818181818182,0.825
copiapo,5,dann,7,37,0.8571428571428571,0.95
copiapo,5,dann,7,38,0.8421052631578947,0.95
copiapo,5,dann,7,39,0.8571428571428571,0.96
copiapo,5,dann,7,40,0.5,0.86
copiapo,5,dann,7,41,0.9523809523809523,0.99
copiapo,5,dann,7,42,0.8421052631578947,0.89
copiapo,5,dann,7,43,0.42857142857142855,0.715
copiapo,5,dann,7,44,0.75,0.875
copiapo,5,dann,7,45,0.7368421052631579,0.86
copiapo,5,dann,7,46,0.7272727272727273,0.785
copiapo,5,dann,7,47,0.7368421052631579,0.7900000000000001
copiapo,5,dann,7,48,0.7692307692307693,0.8400000000000001
copiapo,5,dann,7,49,0.6,0.7
huasco,1,dann,7,0,0.6666666666666666,0.77
huasco,1,dann,7,1,0.4166666666666667,0.19
huasco,1,dann,7,2,0.6666666666666666,0.72
huasco,1,dann,7,3,0.9473684210526315,0.9999999999999999
huasco,1,dann,7,4,0.6956521739130435,0.725
huasco,1,dann,7,5,0.8235294117647058,0.97
huasco,1,dann,7,6,0.8421052631578947,0.9
huasco,1,dann,7,7,0.631578947368421,0.81
huasco,1,dann,7,8,0.6956521739130435,0.85
huasco,1,dann,7,9,0.6666666666666666,0.66
huasco,1,dann,7,10,0.625,0.8300000000000001
huasco,1,dann,7,11,0.8695652173913043,0.9
huasco,1,dann,7,12,0.7368421052631579,0.8700000000000001
huasco,1,dann,7,13,0.7272727272727273,0.82
huasco,1,dann,7,14,0.7058823529411765,0.81
huasco,1,dann,7,15,0.7058823529411765,0.9099999999999999
huasco,1,dann,7,16,0.3333333333333333,0.9
huasco,1,dann,7,17,0.6666666666666666,0.85
huasco,1,dann,7,18,0.75,0.9
huasco,1,dann,7,19,0.6666666666666666,0.91
huasco,1,dann,7,20,0.782608695652174,0.7999999999999999
huasco,1,dann,7,21,0.3076923076923077,0.56
huasco,1,dann,7,22,0.8,0.8200000000000001
huasco,1,dann,7,23,0.7272727272727273,0.8500000000000001
huasco,1,dann,7,24,0.6666666666666666,0.9700000000000001
huasco,1,dann,7,25,0.7368421052631579,0.87
huasco,1,dann,7,26,0.782608695652174,0.88
huasco,1,dann,7,27,0.18181818181818182,0.6799999999999999
huasco,1,dann,7,28,0.7692307692307693,0.6699999999999999
huasco,1,dann,7,29,0.5714285714285714,0.78
huasco,1,dann,7,30,0.8888888888888888,0.92
huasco,1,dann,7,31,0.6,0.76
huasco,1,dann,7,32,0.6666666666666666,0.82
huasco,1,dann,7,33,0.3076923076923077,0.78
huasco,1,dann,7,34,0.782608695652174,0.86
huasco,1,dann,7,35,0.72,0.83
huasco,1,dann,7,36,0.3333333333333333,0.7399999999999999
huasco,1,dann,7,37,0.3333333333333333,0.92
huasco,1,dann,7,38,0.4166666666666667,0.24000000000000002
huasco,1,dann,7,39,0.6666666666666666,0.8999999999999999
huasco,1,dann,7,40,0.5714285714285714,0.8400000000000001
huasco,1,dann,7,41,0.75,0.76
huasco,1,dann,7,42,0.6666666666666666,0.71
huasco,1,dann,7,43,0.6666666666666666,0.8700000000000001
huasco,1,dann,7,44,0.75,0.73
huasco,1,dann,7,45,0.6666666666666666,0.71
huasco,1,dann,7,46,0.42857142857142855,0.8899999999999999
huasco,1,dann,7,47,0.7368421052631579,0.9199999999999999
huasco,1,dann,7,48,0.7619047619047619,0.8599999999999999
huasco,1,dann,7,49,0.5454545454545454,0.44
huasco,5,dann,7,0,0.7407407407407407,0.81
huasco,5,dann,7,1,0.8695652173913043,1.0
huasco,5,dann,7,2,0.9090909090909091,0.9099999999999999
huasco,5,dann,7,3,0.9523809523809523,0.91
huasco,5,dann,7,4,0.7619047619047619,0.88
huasco,5,dann,7,5,0.9523809523809523,0.99
huasco,5,dann,7,6,1.0,1.0
huasco,5,dann,7,7,0.625,0.9099999999999999
huasco,5,dann,7,8,0.72,0.8500000000000001
huasco,5,dann,7,9,0.8888888888888888,1.0
huasco,5,dann,7,10,0.75,0.9000000000000001
huasco,5,dann,7,11,0.8695652173913043,0.8200000000000001
huasco,5,dann,7,12,0.9473684210526315,1.0
huasco,5,dann,7,13,0.7777777777777778,0.9400000000000001
huasco,5,dann,7,14,0.7619047619047619,0.79
huasco,5,dann,7,15,0.7368421052631579,0.7899999999999999
huasco,5,dann,7,16,0.8421052631578947,0.9800000000000001
huasco,5,dann,7,17,0.8235294117647058,0.98
huasco,5,dann,7,18,0.7368421052631579,0.855
huasco,5,dann,7,19,0.8695652173913043,0.95
huasco,5,dann,7,20,0.9090909090909091,0.9800000000000001
huasco,5,dann,7,21,1.0,1.0
huasco,5,dann,7,22,0.9523809523809523,0.97
huasco,5,dann,7,23,0.7777777777777778,0.93
huasco,5,dann,7,24,0.9473684210526315,0.9800000000000001
huasco,5,dann,7,25,0.9523809523809523,0.99
huasco,5,dann,7,26,0.7368421052631579,0.8599999999999999
huasco,5,dann,7,27,0.9523809523809523,0.96
huasco,5,dann,7,28,0.8235294117647058,0.96
huasco,5,dann,7,29,0.9,0.98
huasco,5,dann,7,30,0.8421052631578947,0.94
huasco,5,dann,7,31,0.8571428571428571,0.9699999999999999
huasco,5,dann,7,32,0.9473684210526315,1.0
huasco,5,dann,7,33,0.7619047619047619,0.835
huasco,5,dann,7,34,0.7272727272727273,0.8
huasco,5,dann,7,35,0.7272727272727273,0.8600000000000001
huasco,5,dann,7,36,0.7777777777777778,0.9599999999999999
huasco,5,dann,7,37,0.9523809523809523,0.925
huasco,5,dann,7,38,0.7777777777777778,0.7850000000000001
huasco,5,dann,7,39,0.7777777777777778,0.84
huasco,5,dann,7,40,0.7692307692307693,0.8799999999999999
huasco,5,dann,7,41,0.8235294117647058,1.0
huasco,5,dann,7,42,0.7368421052631579,0.88
huasco,5,dann,7,43,0.631578947368421,0.8200000000000001
huasco,5,dann,7,44,0.9090909090909091,0.97
huasco,5,dann,7,45,0.8421052631578947,0.9600000000000001
huasco,5,dann,7,46,0.8333333333333334,0.86
huasco,5,dann,7,47,0.7619047619047619,0.92
huasco,5,dann,7,48,0.75,0.89
huasco,5,dann,7,49,0.8333333333333334,0.87
huasco,10,dann,7,0,0.9523809523809523,0.9049999999999999
huasco,10,dann,7,1,0.8571428571428571,0.9600000000000001
huasco,10,dann,7,2,0.8235294117647058,0.98
huasco,10,dann,7,3,0.9473684210526315,1.0
huasco,10,dann,7,4,0.8695652173913043,0.9
huasco,10,dann,7,5,0.9,0.91
huasco,10,dann,7,6,0.9090909090909091,0.97
huasco,10,dann,7,7,0.8571428571428571,0.96
huasco,10,dann,7,8,0.9523809523809523,0.96
huasco,10,dann,7,9,0.9523809523809523,0.99
huasco,10,dann,7,10,0.9473684210526315,1.0
huasco,10,dann,7,11,0.7368421052631579,0.8250000000000001
huasco,10,dann,7,12,0.8181818181818182,0.9400000000000001
huasco,10,dann,7,13,0.8421052631578947,0.91
huasco,10,dann,7,14,0.9523809523809523,1.0
huasco,10,dann,7,15,0.5714285714285714,0.9099999999999999
huasco,10,dann,7,16,0.7058823529411765,0.8899999999999999
huasco,10,dann,7,17,0.7058823529411765,0.9
huasco,10,dann,7,18,0.9,0.93
huasco,10,dann,7,19,0.7619047619047619,0.91
huasco,10,dann,7,20,0.8181818181818182,0.91
huasco,10,dann,7,21,0.8695652173913043,0.9700000000000001
huasco,10,dann,7,22,0.8421052631578947,0.9299999999999999
huasco,10,dann,7,23,0.9,0.99
huasco,10,dann,7,24,0.9523809523809523,0.9550000000000001
huasco,10,dann,7,25,0.8,0.94
huasco,10,dann,7,26,0.7777777777777778,0.89
huasco,10,dann,7,27,0.7777777777777778,0.94
huasco,10,dann,7,28,0.9090909090909091,0.9700000000000001
huasco,10,dann,7,29,0.8888888888888888,1.0
huasco,10,dann,7,30,0.8421052631578947,0.9500000000000001
huasco,10,dann,7,31,0.8181818181818182,0.92
huasco,10,dann,7,32,0.9,0.9800000000000001
huasco,10,dann,7,33,0.9523809523809523,0.93
huasco,10,dann,7,34,0.8888888888888888,0.9500000000000001
huasco,10,dann,7,35,0.6956521739130435,0.8
huasco,10,dann,7,36,0.9,0.99
huasco,10,dann,7,37,0.9523809523809523,1.0
huasco,10,dann,7,38,0.8571428571428571,0.8799999999999999
huasco,10,dann,7,39,0.7777777777777778,0.8
huasco,10,dann,7,40,0.8,0.855
huasco,10,dann,7,41,0.782608695652174,0.78
huasco,10,dann,7,42,0.6666666666666666,0.8
huasco,10,dann,7,43,0.8695652173913043,1.0
huasco,10,dann,7,44,0.8235294117647058,0.97
huasco,10,dann,7,45,0.7368421052631579,0.83
huasco,10,dann,7,46,1.0,1.0
huasco,10,dann,7,47,0.8181818181818182,0.95
huasco,10,dann,7,48,0.9523809523809523,0.92
huasco,10,dann,7,49,0.8571428571428571,0.9199999999999999
huasco,20,dann,7,0,0.8888888888888888,0.98
huasco,20,dann,7,1,0.9523809523809523,1.0
huasco,20,dann,7,2,1.0,1.0
huasco,20,dann,7,3,0.9,0.9600000000000001
huasco,20,dann,7,4,1.0,1.0
huasco,20,dann,7,5,0.9,0.99
huasco,20,dann,7,6,1.0,1.0
huasco,20,dann,7,7,0.9523809523809523,0.98
huasco,20,dann,7,8,0.8181818181818182,0.885
huasco,20,dann,7,9,0.8181818181818182,0.8
huasco,20,dann,7,10,1.0,1.0
huasco,20,dann,7,11,1.0,1.0
huasco,20,dann,7,12,0.8888888888888888,1.0
huasco,20,dann,7,13,0.8888888888888888,1.0
huasco,20,dann,7,14,0.9523809523809523,1.0
huasco,20,dann,7,15,0.8235294117647058,0.9999999999999999
huasco,20,dann,7,16,0.8888888888888888,1.0
huasco,20,dann,7,17,0.9523809523809523,0.935
huasco,20,dann,7,18,0.9523809523809523,0.98
huasco,20,dann,7,19,0.8888888888888888,1.0
huasco,20,dann,7,20,1.0,1.0
huasco,20,dann,7,21,0.8421052631578947,0.95
huasco,20,dann,7,22,0.8421052631578947,0.9800000000000001
huasco,20,dann,7,23,0.9473684210526315,1.0
huasco,20,dann,7,24,0.8181818181818182,0.8300000000000001
huasco,20,dann,7,25,0.8181818181818182,0.9500000000000001
huasco,20,dann,7,26,0.8235294117647058,1.0
huasco,20,dann,7,27,0.9473684210526315,1.0
huasco,20,dann,7,28,0.9523809523809523,0.9299999999999999
huasco,20,dann,7,29,0.9473684210526315,0.99
huasco,20,dann,7,30,0.8333333333333334,0.9
huasco,20,dann,7,31,0.8695652173913043,0.93
huasco,20,dann,7,32,0.8695652173913043,0.925
huasco,20,dann,7,33,1.0,1.0
huasco,20,dann,7,34,0.8888888888888888,0.9899999999999999
huasco,20,dann,7,35,0.9,0.9700000000000001
huasco,20,dann,7,36,1.0,1.0
huasco,20,dann,7,37,0.8888888888888888,1.0
huasco,20,dann,7,38,0.8,0.9600000000000001
huasco,20,dann,7,39,1.0,0.9999999999999999
huasco,20,dann,7,40,1.0,1.0
huasco,20,dann,7,41,0.8181818181818182,0.865
huasco,20,dann,7,42,0.9523809523809523,0.92
huasco,20,dann,7,43,0.8421052631578947,0.91
huasco,20,dann,7,44,0.9,0.98
huasco,20,dann,7,45,0.8571428571428571,0.9299999999999999
huasco,20,dann,7,46,0.9473684210526315,1.0
huasco,20,dann,7,47,0.9473684210526315,0.99
huasco,20,dann,7,48,0.8181818181818182,0.82
huasco,20,dann,7,49,0.7368421052631579,0.94
elqui,1,dann,7,0,0.5714285714285714,0.75
elqui,1,dann,7,1,0.8421052631578947,0.8
elqui,1,dann,7,2,0.7,0.85
elqui,1,dann,7,3,0.8235294117647058,0.92
elqui,1,dann,7,4,0.625,0.9100000000000001
elqui,1,dann,7,5,0.18181818181818182,0.8
elqui,1,dann,7,6,0.64,0.4600000000000001
elqui,1,dann,7,7,0.5555555555555556,0.85
elqui,1,dann,7,8,0.5714285714285714,0.94
elqui,1,dann,7,9,0.46153846153846156,0.61
elqui,1,dann,7,10,0.56,0.6
elqui,1,dann,7,11,0.18181818181818182,0.79
elqui,1,dann,7,12,0.5263157894736842,0.595
elqui,1,dann,7,13,0.8571428571428571,0.8800000000000001
elqui,1,dann,7,14,0.625,0.6900000000000002
elqui,1,dann,7,15,0.75,0.89
elqui,1,dann,7,16,0.46153846153846156,0.77
elqui,1,dann,7,17,0.7619047619047619,0.75
elqui,1,dann,7,18,0.8235294117647058,0.88
elqui,1,dann,7,19,0.5714285714285714,0.5599999999999999
elqui,1,dann,7,20,0.42857142857142855,0.6900000000000001
elqui,1,dann,7,21,0.8235294117647058,0.87
elqui,1,dann,7,22,0.5263157894736842,0.6699999999999999
elqui,1,dann,7,23,0.6923076923076923,0.8600000000000001
elqui,1,dann,7,24,0.42857142857142855,0.71
elqui,1,dann,7,25,0.5714285714285714,0.71
elqui,1,dann,7,26,0.625,0.77
elqui,1,dann,7,27,0.782608695652174,0.9000000000000001
elqui,1,dann,7,28,0.7272727272727273,0.71
elqui,1,dann,7,29,0.631578947368421,0.83
elqui,1,dann,7,30,0.75,0.71
elqui,1,dann,7,31,0.75,0.5900000000000001
elqui,1,dann,7,32,0.6086956521739131,0.685
elqui,1,dann,7,33,0.3076923076923077,0.6800000000000002
elqui,1,dann,7,34,0.75,0.9
elqui,1,dann,7,35,0.6666666666666666,0.8999999999999999
elqui,1,dann,7,36,0.5714285714285714,0.8500000000000001
elqui,1,dann,7,37,0.6,0.69
elqui,1,dann,7,38,0.7272727272727273,0.7
elqui,1,dann,7,39,0.5833333333333334,0.6399999999999999
elqui,1,dann,7,40,0.7777777777777778,0.84
elqui,1,dann,7,41,0.75,0.77
elqui,1,dann,7,42,0.6666666666666666,0.9300000000000002
elqui,1,dann,7,43,0.18181818181818182,0.8
elqui,1,dann,7,44,0.6,0.68
elqui,1,dann,7,45,0.7058823529411765,0.8
elqui,1,dann,7,46,0.8181818181818182,0.9199999999999999
elqui,1,dann,7,47,0.6666666666666666,0.62
elqui,1,dann,7,48,0.7272727272727273,0.76
elqui,1,dann,7,49,0.782608695652174,0.92
elqui,5,dann,7,0,0.6666666666666666,0.68
elqui,5,dann,7,1,0.625,0.7699999999999999
elqui,5,dann,7,2,0.75,0.85
elqui,5,dann,7,3,0.8888888888888888,0.9
elqui,5,dann,7,4,0.72,0.9400000000000001
elqui,5,dann,7,5,0.6666666666666666,0.85
elqui,5,dann,7,6,0.7777777777777778,0.9
elqui,5,dann,7,7,0.7368421052631579,0.6799999999999999
elqui,5,dann,7,8,0.75,0.97
elqui,5,dann,7,9,0.8,0.9
elqui,5,dann,7,10,0.631578947368421,0.79
elqui,5,dann,7,11,0.6666666666666666,0.79
elqui,5,dann,7,12,0.375,0.705
elqui,5,dann,7,13,0.7407407407407407,0.71
elqui,5,dann,7,14,0.7619047619047619,0.8400000000000002
elqui,5,dann,7,15,0.9090909090909091,0.96
elqui,5,dann,7,16,1.0,1.0
elqui,5,dann,7,17,0.8421052631578947,0.9299999999999999
elqui,5,dann,7,18,0.7368421052631579,0.94
elqui,5,dann,7,19,0.6666666666666666,0.8700000000000001
elqui,5,dann,7,20,0.6666666666666666,0.9
elqui,5,dann,7,21,0.631578947368421,0.73
elqui,5,dann,7,22,0.6363636363636364,0.8
elqui,5,dann,7,23,1.0,1.0
elqui,5,dann,7,24,0.75,0.89
elqui,5,dann,7,25,0.6956521739130435,0.87
elqui,5,dann,7,26,0.6363636363636364,0.78
elqui,5,dann,7,27,0.5714285714285714,0.78
elqui,5,dann,7,28,0.8571428571428571,0.96
elqui,5,dann,7,29,0.7058823529411765,0.83
elqui,5,dann,7,30,0.18181818181818182,0.76
elqui,5,dann,7,31,0.7619047619047619,0.8049999999999999
elqui,5,dann,7,32,0.625,0.89
elqui,5,dann,7,33,0.6666666666666666,0.71
elqui,5,dann,7,34,0.5882352941176471,0.6799999999999999
elqui,5,dann,7,35,0.4444444444444444,0.5800000000000001
elqui,5,dann,7,36,0.7692307692307693,0.78
elqui,5,dann,7,37,0.7,0.78
elqui,5,dann,7,38,0.6923076923076923,0.6950000000000001
elqui,5,dann,7,39,0.6666666666666666,0.96
elqui,5,dann,7,40,0.6666666666666666,0.77
elqui,5,dann,7,41,0.631578947368421,0.76
elqui,5,dann,7,42,0.7058823529411765,0.8700000000000001
elqui,5,dann,7,43,0.8,0.92
elqui,5,dann,7,44,0.7368421052631579,0.82
elqui,5,dann,7,45,0.75,0.74
elqui,5,dann,7,46,0.5882352941176471,0.6649999999999999
elqui,5,dann,7,47,0.5882352941176471,0.86
elqui,5,dann,7,48,0.7368421052631579,0.825
elqui,5,dann,7,49,0.8,0.86
elqui,10,dann,7,0,0.7368421052631579,0.81
elqui,10,dann,7,1,0.8,0.93
elqui,10,dann,7,2,0.782608695652174,0.85
elqui,10,dann,7,3,0.8,0.765
elqui,10,dann,7,4,0.7,0.7899999999999999
elqui,10,dann,7,5,0.8888888888888888,0.8
elqui,10,dann,7,6,0.6666666666666666,0.85
elqui,10,dann,7,7,0.7777777777777778,0.9199999999999999
elqui,10,dann,7,8,0.8235294117647058,0.93
elqui,10,dann,7,9,0.7692307692307693,1.0
elqui,10,dann,7,10,0.7368421052631579,0.765
elqui,10,dann,7,11,0.8421052631578947,0.98
elqui,10,dann,7,12,0.9523809523809523,1.0
elqui,10,dann,7,13,0.8235294117647058,0.81
elqui,10,dann,7,14,0.8,0.88
elqui,10,dann,7,15,0.8,0.92
elqui,10,dann,7,16,0.8235294117647058,0.9700000000000001
elqui,10,dann,7,17,0.6666666666666666,0.75
elqui,10,dann,7,18,0.8571428571428571,0.96
elqui,10,dann,7,19,0.8571428571428571,0.9600000000000001
elqui,10,dann,7,20,0.8695652173913043,0.93
elqui,10,dann,7,21,0.7368421052631579,0.79
elqui,10,dann,7,22,0.9,0.98
elqui,10,dann,7,23,0.8421052631578947,0.94
elqui,10,dann,7,24,0.7368421052631579,0.91
elqui,10,dann,7,25,0.5263157894736842,0.6200000000000001
elqui,10,dann,7,26,0.8888888888888888,0.9400000000000001
elqui,10,dann,7,27,0.8571428571428571,0.9200000000000002
elqui,10,dann,7,28,0.8695652173913043,0.96
elqui,10,dann,7,29,0.7368421052631579,0.84
elqui,10,dann,7,30,0.5555555555555556,0.78
elqui,10,dann,7,31,0.8235294117647058,0.88
elqui,10,dann,7,32,0.9473684210526315,0.9
elqui,10,dann,7,33,0.8235294117647058,0.8200000000000001
elqui,10,dann,7,34,0.7619047619047619,0.77
elqui,10,dann,7,35,0.7619047619047619,0.8900000000000001
elqui,10,dann,7,36,0.8888888888888888,0.8400000000000001
elqui,10,dann,7,37,0.8181818181818182,0.905
elqui,10,dann,7,38,0.9473684210526315,0.9600000000000001
elqui,10,dann,7,39,0.8235294117647058,0.9
elqui,10,dann,7,40,0.6666666666666666,0.96
elqui,10,dann,7,41,0.8,0.9
elqui,10,dann,7,42,0.9090909090909091,0.9500000000000001
elqui,10,dann,7,43,0.8571428571428571,0.9099999999999999
elqui,10,dann,7,44,0.9,0.8450000000000001
elqui,10,dann,7,45,0.5555555555555556,0.74
elqui,10,dann,7,46,0.8,0.845
elqui,10,dann,7,47,0.7777777777777778,0.77
elqui,10,dann,7,48,0.782608695652174,0.74
elqui,10,dann,7,49,0.7619047619047619,0.8500000000000001
elqui,20,dann,7,0,0.8421052631578947,0.8400000000000001
elqui,20,dann,7,1,0.8,0.8400000000000001
elqui,20,dann,7,2,0.75,0.8
elqui,20,dann,7,3,0.8421052631578947,0.9
elqui,20,dann,7,4,0.8235294117647058,0.9400000000000001
elqui,20,dann,7,5,0.7368421052631579,0.885
elqui,20,dann,7,6,0.8181818181818182,0.9
elqui,20,dann,7,7,0.8888888888888888,0.96
elqui,20,dann,7,8,0.7058823529411765,0.9400000000000001
elqui,20,dann,7,9,0.7,0.87
elqui,20,dann,7,10,0.8571428571428571,0.9700000000000001
elqui,20,dann,7,11,0.9,0.96
elqui,20,dann,7,12,0.8235294117647058,0.99
elqui,20,dann,7,13,0.8421052631578947,0.88
elqui,20,dann,7,14,0.8571428571428571,0.9500000000000001
elqui,20,dann,7,15,0.782608695652174,0.7849999999999999
elqui,20,dann,7,16,0.7777777777777778,0.8500000000000001
elqui,20,dann,7,17,0.9,0.885
elqui,20,dann,7,18,0.6666666666666666,0.87
elqui,20,dann,7,19,0.8333333333333334,1.0
elqui,20,dann,7,20,0.7692307692307693,0.91
elqui,20,dann,7,21,0.9090909090909091,1.0
elqui,20,dann,7,22,0.9523809523809523,0.99
elqui,20,dann,7,23,0.9090909090909091,1.0
elqui,20,dann,7,24,0.7777777777777778,0.81
elqui,20,dann,7,25,0.7777777777777778,0.9199999999999999
elqui,20,dann,7,26,0.8,0.8550000000000001
elqui,20,dann,7,27,0.9523809523809523,0.96
elqui,20,dann,7,28,0.7368421052631579,0.81
elqui,20,dann,7,29,0.6,0.705
elqui,20,dann,7,30,0.9,0.9199999999999999
elqui,20,dann,7,31,0.75,0.8200000000000001
elqui,20,dann,7,32,1.0,1.0
elqui,20,dann,7,33,0.72,0.8699999999999999
elqui,20,dann,7,34,0.7,0.86
elqui,20,dann,7,35,1.0,1.0
elqui,20,dann,7,36,0.8571428571428571,0.9000000000000001
elqui,20,dann,7,37,0.9,0.99
elqui,20,dann,7,38,0.7777777777777778,0.9
elqui,20,dann,7,39,0.8421052631578947,0.8550000000000001
elqui,20,dann,7,40,0.9523809523809523,0.9400000000000001
elqui,20,dann,7,41,0.9473684210526315,0.92
elqui,20,dann,7,42,0.9,0.9400000000000001
elqui,20,dann,7,43,0.7777777777777778,0.8500000000000001
elqui,20,dann,7,44,0.8421052631578947,0.9299999999999999
elqui,20,dann,7,45,0.8181818181818182,0.88
elqui,20,dann,7,46,0.7777777777777778,0.82
elqui,20,dann,7,47,0.8181818181818182,0.92
elqui,20,dann,7,48,0.8,0.88
elqui,20,dann,7,49,0.8181818181818182,0.89
limari,1,dann,7,0,0.6666666666666666,0.7100000000000001
limari,1,dann,7,1,0.23529411764705882,0.42000000000000004
limari,1,dann,7,2,0.7368421052631579,0.7799999999999999
limari,1,dann,7,3,0.6666666666666666,0.82
limari,1,dann,7,4,0.6666666666666666,0.73
limari,1,dann,7,5,0.0,0.5
limari,1,dann,7,6,0.35294117647058826,0.48
limari,1,dann,7,7,0.5263157894736842,0.64
limari,1,dann,7,8,0.3333333333333333,0.49
limari,1,dann,7,9,0.5,0.5700000000000001
limari,1,dann,7,10,0.6956521739130435,0.6799999999999999
limari,1,dann,7,11,0.6956521739130435,0.72
limari,1,dann,7,12,0.56,0.24
limari,1,dann,7,13,0.4,0.79
limari,1,dann,7,14,0.631578947368421,0.76
limari,1,dann,7,15,0.5882352941176471,0.795
limari,1,dann,7,16,0.0,0.44000000000000006
limari,1,dann,7,17,0.18181818181818182,0.6799999999999999
limari,1,dann,7,18,0.15384615384615385,0.5700000000000001
limari,1,dann,7,19,0.6153846153846154,0.41000000000000003
limari,1,dann,7,20,0.5384615384615384,0.29000000000000004
limari,1,dann,7,21,0.5882352941176471,0.82
limari,1,dann,7,22,0.5714285714285714,0.5800000000000001
limari,1,dann,7,23,0.0,0.74
limari,1,dann,7,24,0.15384615384615385,0.65
limari,1,dann,7,25,0.2857142857142857,0.6
limari,1,dann,7,26,0.75,0.65
limari,1,dann,7,27,0.782608695652174,0.64
limari,1,dann,7,28,0.8333333333333334,0.6900000000000001
limari,1,dann,7,29,0.5,0.43999999999999995
limari,1,dann,7,30,0.5384615384615384,0.44
limari,1,dann,7,31,0.5,0.71
limari,1,dann,7,32,0.6086956521739131,0.57
limari,1,dann,7,33,0.14285714285714285,0.63
limari,1,dann,7,34,0.3076923076923077,0.6299999999999999
limari,1,dann,7,35,0.6,0.61
limari,1,dann,7,36,0.6666666666666666,0.76
limari,1,dann,7,37,0.6086956521739131,0.47
limari,1,dann,7,38,0.15384615384615385,0.75
limari,1,dann,7,39,0.7,0.75
limari,1,dann,7,40,0.56,0.35000000000000003
limari,1,dann,7,41,0.3333333333333333,0.56
limari,1,dann,7,42,0.6,0.65
limari,1,dann,7,43,0.8,0.755
limari,1,dann,7,44,0.5882352941176471,0.75
limari,1,dann,7,45,0.0,0.64
limari,1,dann,7,46,0.5714285714285714,0.8899999999999999
limari,1,dann,7,47,0.16666666666666666,0.71
limari,1,dann,7,48,0.43478260869565216,0.32999999999999996
limari,1,dann,7,49,0.6,0.66
limari,5,dann,7,0,0.6086956521739131,0.515
limari,5,dann,7,1,0.631578947368421,0.84
limari,5,dann,7,2,0.7058823529411765,0.82
limari,5,dann,7,3,0.7058823529411765,0.77
limari,5,dann,7,4,0.5833333333333334,0.6649999999999999
limari,5,dann,7,5,0.6666666666666666,0.6749999999999999
limari,5,dann,7,6,0.8,0.775
limari,5,dann,7,7,0.8,0.77
limari,5,dann,7,8,0.25,0.5
limari,5,dann,7,9,0.8333333333333334,0.7300000000000001
limari,5,dann,7,10,0.6956521739130435,0.63
limari,5,dann,7,11,0.5333333333333333,0.7350000000000001
limari,5,dann,7,12,0.6,0.6900000000000001
limari,5,dann,7,13,0.7272727272727273,0.77
limari,5,dann,7,14,0.6666666666666666,0.7000000000000001
limari,5,dann,7,15,0.6086956521739131,0.63
limari,5,dann,7,16,0.5714285714285714,0.575
limari,5,dann,7,17,0.5882352941176471,0.8200000000000001
limari,5,dann,7,18,0.5454545454545454,0.55
limari,5,dann,7,19,0.5263157894736842,0.5800000000000001
limari,5,dann,7,20,0.3076923076923077,0.74
limari,5,dann,7,21,0.6363636363636364,0.7
limari,5,dann,7,22,0.72,0.6400000000000001
limari,5,dann,7,23,0.375,0.5850000000000001
limari,5,dann,7,24,0.8421052631578947,0.8400000000000001
limari,5,dann,7,25,0.5,0.8200000000000001
limari,5,dann,7,26,0.631578947368421,0.7300000000000001
limari,5,dann,7,27,0.6,0.61
limari,5,dann,7,28,0.5555555555555556,0.68
limari,5,dann,7,29,0.6956521739130435,0.67
limari,5,dann,7,30,0.42857142857142855,0.75
limari,5,dann,7,31,0.7368421052631579,0.89
limari,5,dann,7,32,0.5,0.565
limari,5,dann,7,33,0.72,0.61
limari,5,dann,7,34,0.8181818181818182,0.71
limari,5,dann,7,35,0.6666666666666666,0.87
limari,5,dann,7,36,0.56,0.52
limari,5,dann,7,37,0.5882352941176471,0.8049999999999999
limari,5,dann,7,38,0.4444444444444444,0.6599999999999999
limari,5,dann,7,39,0.6956521739130435,0.69
limari,5,dann,7,40,0.625,0.8300000000000001
limari,5,dann,7,41,0.375,0.71
limari,5,dann,7,42,0.5882352941176471,0.74
limari,5,dann,7,43,0.5714285714285714,0.65
limari,5,dann,7,44,0.625,0.88
limari,5,dann,7,45,0.4,0.65
limari,5,dann,7,46,0.7368421052631579,0.82
limari,5,dann,7,47,0.8,0.6000000000000001
limari,5,dann,7,48,0.9523809523809523,0.9
limari,5,dann,7,49,0.5882352941176471,0.67
limari,10,dann,7,0,0.5333333333333333,0.765
limari,10,dann,7,1,0.6666666666666666,0.74
limari,10,dann,7,2,0.7368421052631579,0.8
limari,10,dann,7,3,0.7692307692307693,0.51
limari,10,dann,7,4,0.5555555555555556,0.53
limari,10,dann,7,5,0.45454545454545453,0.5700000000000001
limari,10,dann,7,6,0.5882352941176471,0.8
limari,10,dann,7,7,0.7619047619047619,0.86
limari,10,dann,7,8,0.8,0.62
limari,10,dann,7,9,0.5555555555555556,0.6950000000000001
limari,10,dann,7,10,0.5555555555555556,0.77
limari,10,dann,7,11,0.6666666666666666,0.72
limari,10,dann,7,12,0.8,0.74
limari,10,dann,7,13,0.7058823529411765,0.8700000000000001
limari,10,dann,7,14,0.56,0.33999999999999997
limari,10,dann,7,15,0.7368421052631579,0.88
limari,10,dann,7,16,0.6363636363636364,0.73
limari,10,dann,7,17,0.6666666666666666,0.68
limari,10,dann,7,18,0.7692307692307693,0.685
limari,10,dann,7,19,0.8181818181818182,0.76
limari,10,dann,7,20,0.5454545454545454,0.6249999999999999
limari,10,dann,7,21,0.6956521739130435,0.73
limari,10,dann,7,22,0.6956521739130435,0.79
limari,10,dann,7,23,0.42105263157894735,0.56
limari,10,dann,7,24,0.6,0.74
limari,10,dann,7,25,0.782608695652174,0.93
limari,10,dann,7,26,0.631578947368421,0.8150000000000001
limari,10,dann,7,27,0.5882352941176471,0.83
limari,10,dann,7,28,0.7777777777777778,0.865
limari,10,dann,7,29,0.7777777777777778,0.8500000000000001
limari,10,dann,7,30,0.6666666666666666,0.6799999999999999
limari,10,dann,7,31,0.75,0.74
limari,10,dann,7,32,0.75,0.64
limari,10,dann,7,33,0.6666666666666666,0.84
limari,10,dann,7,34,0.631578947368421,0.7100000000000001
limari,10,dann,7,35,0.8,0.87
limari,10,dann,7,36,0.7692307692307693,0.645
limari,10,dann,7,37,0.6956521739130435,0.7050000000000001
limari,10,dann,7,38,0.5555555555555556,0.75
limari,10,dann,7,39,0.7058823529411765,0.795
limari,10,dann,7,40,0.5714285714285714,0.94
limari,10,dann,7,41,0.6956521739130435,0.58
limari,10,dann,7,42,0.5882352941176471,0.7999999999999999
limari,10,dann,7,43,0.47058823529411764,0.73
limari,10,dann,7,44,0.26666666666666666,0.62
limari,10,dann,7,45,0.4444444444444444,0.66
limari,10,dann,7,46,0.625,0.85
limari,10,dann,7,47,0.7368421052631579,0.89
limari,10,dann,7,48,0.48,0.42
limari,10,dann,7,49,0.5263157894736842,0.6699999999999999
limari,20,dann,7,0,0.5882352941176471,0.8499999999999999
limari,20,dann,7,1,0.8181818181818182,0.8699999999999999
limari,20,dann,7,2,0.8,0.9
limari,20,dann,7,3,0.5555555555555556,0.75
limari,20,dann,7,4,0.6666666666666666,0.8799999999999999
limari,20,dann,7,5,0.6666666666666666,0.6
limari,20,dann,7,6,0.5,0.8
limari,20,dann,7,7,0.7272727272727273,0.77
limari,20,dann,7,8,0.8,0.835
limari,20,dann,7,9,0.8,0.9
limari,20,dann,7,10,0.6363636363636364,0.76
limari,20,dann,7,11,0.5,0.63
limari,20,dann,7,12,0.75,0.81
limari,20,dann,7,13,0.6,0.64
limari,20,dann,7,14,0.5555555555555556,0.65
limari,20,dann,7,15,0.6363636363636364,0.72
limari,20,dann,7,16,0.8421052631578947,0.9199999999999999
limari,20,dann,7,17,0.5,0.65
limari,20,dann,7,18,0.8235294117647058,0.9299999999999999
limari,20,dann,7,19,0.5555555555555556,0.7000000000000001
limari,20,dann,7,20,0.8421052631578947,0.9000000000000001
limari,20,dann,7,21,0.782608695652174,0.725
limari,20,dann,7,22,0.631578947368421,0.67
limari,20,dann,7,23,0.5333333333333333,0.78
limari,20,dann,7,24,0.6,0.7
limari,20,dann,7,25,0.7368421052631579,0.88
limari,20,dann,7,26,0.6666666666666666,0.81
limari,20,dann,7,27,0.6,0.75
limari,20,dann,7,28,0.4444444444444444,0.56
limari,20,dann,7,29,0.5,0.7000000000000001
limari,20,dann,7,30,0.7272727272727273,0.7300000000000001
limari,20,dann,7,31,0.7,0.72
limari,20,dann,7,32,0.7,0.69
limari,20,dann,7,33,0.7,0.8300000000000001
limari,20,dann,7,34,0.6666666666666666,0.76
limari,20,dann,7,35,0.7,0.85
limari,20,dann,7,36,0.8,0.9199999999999999
limari,20,dann,7,37,0.8,0.9199999999999999
limari,20,dann,7,38,0.7272727272727273,0.8300000000000001
limari,20,dann,7,39,0.7777777777777778,0.92
limari,20,dann,7,40,0.5714285714285714,0.64
limari,20,dann,7,41,0.6666666666666666,0.82
limari,20,dann,7,42,0.6666666666666666,0.88
limari,20,dann,7,43,0.5882352941176471,0.72
limari,20,dann,7,44,0.8,0.88
limari,20,dann,7,45,0.7272727272727273,0.74
limari,20,dann,7,46,0.6666666666666666,0.76
limari,20,dann,7,47,0.8571428571428571,0.9099999999999999
limari,20,dann,7,48,0.75,0.76
limari,20,dann,7,49,0.7,0.8250000000000001
