target,K,model,mode,n_runs,f1_mean,f1_ci_lo,f1_ci_hi,auc_mean,auc_ci_lo,auc_ci_hi
copiapo,1,catboost,concat_source,90,0.6695767195767194,0.6055423280423281,0.729672619047619,0.9638888888888889,0.9527777777777776,0.9740972222222222
copiapo,1,catboost,independent,90,0.6123263960364064,0.5595500125853582,0.6663850180988984,0.640707671957672,0.5940434854497355,0.6932217261904762
copiapo,1,logreg,concat_source,90,0.6962651727357608,0.6619444444444443,0.7313352007469655,0.8379629629629629,0.8004629629629632,0.8722222222222222
copiapo,1,logreg,independent,90,0.6208321559379351,0.5676242992855479,0.6697005867130997,0.6765873015873015,0.6149239417989418,0.7431316137566137
copiapo,1,rf,concat_source,90,0.6612698412698411,0.5991911375661375,0.7223683862433864,0.952314814814815,0.936099537037037,0.9666666666666667
copiapo,1,rf,independent,90,0.6199542221910643,0.5709872005693729,0.6683821310602787,0.6680224867724867,0.611090443121693,0.7201785714285712
copiapo,1,xgb,concat_source,90,0.6708465608465607,0.6052619047619047,0.73135582010582,0.9625661375661375,0.9514484126984127,0.9727579365079366
copiapo,1,xgb,independent,90,0.0,0.0,0.0,0.5,0.5,0.5
copiapo,5,catboost,concat_source,90,0.6839682539682538,0.6167962962962962,0.7470132275132276,0.9657407407407408,0.9546296296296297,0.9759259259259261
copiapo,5,catboost,independent,90,0.6264252352203848,0.563012317372934,0.6865983741228193,0.7800925925925923,0.727314814814815,0.8352695105820106
copiapo,5,logreg,concat_source,90,0.6962651727357608,0.6619444444444443,0.7313352007469655,0.8379629629629629,0.8004629629629632,0.8722222222222222
copiapo,5,logreg,independent,90,0.7423222286638179,0.6993796837359789,0.7826975864167556,0.8121031746031745,0.7642857142857143,0.8601851851851853
copiapo,5,rf,concat_source,90,0.6263064114534702,0.56815785480859,0.6844731364768128,0.9305555555555556,0.915277777777778,0.9462962962962963
copiapo,5,rf,independent,90,0.6371598262800532,0.5851124307265948,0.6869882621511233,0.7799272486772486,0.7215269510582011,0.8383721891534391
copiapo,5,xgb,concat_source,90,0.6726221599751009,0.6085525988173047,0.7338349284158107,0.9318121693121694,0.9112417328042327,0.9490757275132277
copiapo,5,xgb,independent,90,0.6198804427235799,0.5664074097652528,0.6722121223910439,0.6760582010582011,0.6365732473544975,0.7175074404761905
copiapo,10,catboost,concat_source,90,0.6872486772486772,0.6220185185185185,0.7496699735449734,0.9666666666666667,0.9546296296296297,0.9768518518518519
copiapo,10,catboost,independent,90,0.5333457900124566,0.4607716604383271,0.6085830774164107,0.7810846560846559,0.7174355158730159,0.8418320105820106
copiapo,10,logreg,concat_source,90,0.6962651727357608,0.6619444444444443,0.7313352007469655,0.8379629629629629,0.8004629629629632,0.8722222222222222
copiapo,10,logreg,independent,90,0.7688380884872115,0.7282750014767557,0.8091010101010101,0.8244047619047619,0.7800198412698415,0.8677265211640213
copiapo,10,rf,concat_source,90,0.6097657952069716,0.5542221055088702,0.6621319249922191,0.8652777777777781,0.8356481481481483,0.8921412037037038
copiapo,10,rf,independent,90,0.6188529009117245,0.5677110038654156,0.6689348874618481,0.7664351851851853,0.6999942129629629,0.8314930555555556
copiapo,10,xgb,concat_source,90,0.657219369229173,0.5883755122419339,0.7188467099802883,0.9263227513227512,0.9117063492063492,0.9398809523809523
copiapo,10,xgb,independent,90,0.6679141229141229,0.6269485653235654,0.7104226529643196,0.742096560846561,0.6948503637566138,0.7869204695767197
elqui,1,catboost,concat_source,150,0.3970091242034588,0.3487052998896938,0.44418206608887345,0.6847200671773176,0.6559377072731571,0.7140835636913577
elqui,1,catboost,independent,150,0.4003959341873751,0.3547091256734135,0.44403233634768213,0.5784565571222263,0.5426299078613828,0.6154084587631872
elqui,1,logreg,concat_source,150,0.47327883812568833,0.43554588751106915,0.5127711414673906,0.6233779522545556,0.6031164607522385,0.6440786374820854
elqui,1,logreg,independent,150,0.3885151046683125,0.3459464113262832,0.43192164417591794,0.6244363069686159,0.5880943144547024,0.6617361071683467
elqui,1,rf,concat_source,150,0.41091714398485396,0.3650714588482081,0.45955629836147216,0.669553940786387,0.6386387392252453,0.6998381035008475
elqui,1,rf,independent,150,0.45440537619628574,0.40858847378522534,0.4999822085437079,0.6619782086130995,0.6295973674806971,0.6967825433000109
elqui,1,xgb,concat_source,150,0.36854980706644025,0.324726159731436,0.41395799982573706,0.7007778546748936,0.6695095190956979,0.7294655679772718
elqui,1,xgb,independent,150,0.0,0.0,0.0,0.5,0.5,0.5
elqui,5,catboost,concat_source,150,0.41697333992246943,0.37171771156788874,0.4638213940678162,0.6845946184230501,0.653515882982808,0.7149969925337949
elqui,5,catboost,independent,150,0.47146181389474523,0.4245390728807029,0.5200077188415918,0.7450324200223519,0.7182485041911664,0.7702433683349513
elqui,5,logreg,concat_source,150,0.47327883812568833,0.43554588751106915,0.5127711414673906,0.6255391184207109,0.6051370042939728,0.6458143676101855
elqui,5,logreg,independent,150,0.49721280906041027,0.45158388945977995,0.5457053661523149,0.7887319770819687,0.7675986134606142,0.8116578644616709
elqui,5,rf,concat_source,150,0.4166075303748432,0.3697360333855779,0.46437477093957374,0.6839814605808984,0.6547812799741635,0.712803021890607
elqui,5,rf,independent,150,0.4897871412834896,0.44540835512959165,0.5366761661735696,0.774863446203447,0.7546013705357353,0.7966318736114566
elqui,5,xgb,concat_source,150,0.4177517412963097,0.37136800879008774,0.46658017771207516,0.7066960020361363,0.678530501475214,0.7326598889339309
elqui,5,xgb,independent,150,0.4593386726900314,0.41226472156425453,0.5095320552473115,0.6916920711037902,0.6617063341923094,0.721172189660169
elqui,10,catboost,concat_source,150,0.4508107126362909,0.40785677952716276,0.4969082878590865,0.6930123727573628,0.6623763368585538,0.7230547842703612
elqui,10,catboost,independent,150,0.5257938060468401,0.47747449596281794,0.5707256053975793,0.8113989251415289,0.7940939750588154,0.8285567933533441
elqui,10,logreg,concat_source,150,0.47327883812568833,0.43554588751106915,0.5127711414673906,0.6286415701554632,0.6086527955354649,0.6488735412666227
elqui,10,logreg,independent,150,0.5425376031137109,0.4940545534940715,0.5942687616740908,0.8069558465691982,0.7853038784380811,0.8278336029062735
elqui,10,rf,concat_source,150,0.4393831496424694,0.3937778713119532,0.48558676994882116,0.6977532600582825,0.6670245420096067,0.7270467540412672
elqui,10,rf,independent,150,0.5584976792563865,0.512348986400003,0.6065182106767898,0.8209304917040653,0.8044830852205744,0.8369937574620073
elqui,10,xgb,concat_source,150,0.422204337288908,0.3766986217354189,0.47062851926152144,0.7193934712292909,0.6907610257395275,0.746262202027378
elqui,10,xgb,independent,150,0.5357281696419386,0.4951609155436307,0.5779306984150889,0.7746734384280923,0.7459949690277221,0.8039116561646742
elqui,20,catboost,concat_source,150,0.46653031204911655,0.42243000993190516,0.5092527120247288,0.6973127436100033,0.6673996773522849,0.7258444950187044
elqui,20,catboost,independent,150,0.5464835818912795,0.4998694924038059,0.5946849626310241,0.8266189918298426,0.8106319379093526,0.8427689495266385
elqui,20,logreg,concat_source,150,0.47336552921237945,0.4357011999527423,0.5127711414673906,0.6318206746326518,0.6121898329853855,0.652451245962243
elqui,20,logreg,independent,150,0.5491918986877713,0.4938189010598631,0.6025961039767076,0.8380046218725963,0.8171596275289083,0.8580043654791241
elqui,20,rf,concat_source,150,0.49699703591978467,0.4541941050158572,0.5405880407544833,0.7382643669843154,0.710575883990251,0.7638852611547731
elqui,20,rf,independent,150,0.571638420552738,0.5231833092517232,0.6165463329226462,0.85068724598416,0.8349682845386506,0.8654031854596355
elqui,20,xgb,concat_source,150,0.462754223164791,0.4144601620895691,0.5103792989752189,0.7432438974345229,0.7156745051106524,0.7690675839162673
elqui,20,xgb,independent,150,0.5812963454247424,0.5375114442940127,0.627067671812484,0.8137532905950239,0.7907613538038276,0.8363875574619264
huasco,1,catboost,concat_source,60,0.6575752185232971,0.6427689884655842,0.671187106799923,0.7208648627276797,0.7150568661256982,0.7264453611074656
huasco,1,catboost,independent,60,0.6938844460360503,0.6407308569719988,0.7370872221250547,0.6621024166927449,0.6295814755764967,0.6918332843315397
huasco,1,logreg,concat_source,60,0.7740707568293774,0.765054485744141,0.7819599940289599,0.6987482095768153,0.690490624533817,0.7079932068372015
huasco,1,logreg,independent,60,0.6821944811827622,0.6236328867527029,0.7401431262666628,0.7037181775763307,0.6704096787585427,0.7367358129642902
huasco,1,rf,concat_source,60,0.6487966304542488,0.6429453542300146,0.6550397214196406,0.7017368506946897,0.6982703792780881,0.7047762338357174
huasco,1,rf,independent,60,0.7107841959635787,0.6628138222223507,0.7515189702138115,0.6928291181976538,0.6564767322098954,0.7237989403484835
huasco,1,xgb,concat_source,60,0.544938523731432,0.5088417176045092,0.5789597603301293,0.7191278129412966,0.7067215142549651,0.7315623985613802
huasco,1,xgb,independent,60,0.0,0.0,0.0,0.5,0.5,0.5
huasco,5,catboost,concat_source,60,0.6549424532924994,0.640047769520155,0.6681022119317829,0.7341996738261162,0.7276484209645236,0.7400569861415355
huasco,5,catboost,independent,60,0.6859304089818588,0.6263732012476577,0.7379146299832986,0.7848819372238653,0.7625827271902609,0.8063601082568095
huasco,5,logreg,concat_source,60,0.7743148432803604,0.7652973517628691,0.7824481669309258,0.6999437047206604,0.6913820447614211,0.7094261608167358
huasco,5,logreg,independent,60,0.8145697432877387,0.7946421449550269,0.8336650001880334,0.8200430094139526,0.7954957205100336,0.8454924444702424
huasco,5,rf,concat_source,60,0.672359695209349,0.6660910805169102,0.6783053701476854,0.7128491843970438,0.7076537031335352,0.7185266597096738
huasco,5,rf,independent,60,0.7244368821806257,0.6888392505627295,0.7521897200740327,0.7733385111194112,0.750804521575651,0.795642586175858
huasco,5,xgb,concat_source,60,0.5766003150053458,0.5431500508684564,0.609496515605262,0.7126139785923152,0.6989818798518084,0.7254816255892834
huasco,5,xgb,independent,60,0.7160879276438001,0.676279096269807,0.7476454353310392,0.713464310430498,0.6852687379633648,0.7379824578135918
huasco,10,catboost,concat_source,60,0.6884468973651244,0.676115292731119,0.6995157615399341,0.7430145566872938,0.7381595337861407,0.7477988884374274
huasco,10,catboost,independent,60,0.6629807330610352,0.5967535787564414,0.7239200291652742,0.8003710480298896,0.7765739299662723,0.823285266885219
huasco,10,logreg,concat_source,60,0.7742172086999672,0.7652497549049274,0.7822053009121978,0.7021166082851308,0.6929810152750998,0.711482860799014
huasco,10,logreg,independent,60,0.8574502504087218,0.8437745269200163,0.871484303811927,0.8568197653746455,0.833619732412352,0.8801888644090228
huasco,10,rf,concat_source,60,0.6927482950764163,0.6860003355648389,0.6997941894799207,0.7330762919368425,0.7242921745607926,0.7422358065148411
huasco,10,rf,independent,60,0.7480273783449588,0.7161791214320827,0.7743758794152398,0.8208071667962166,0.795909645144294,0.8446600356864851
huasco,10,xgb,concat_source,60,0.6171554836594341,0.5847535793399501,0.6509452329715668,0.7181138838134528,0.7058186175829932,0.7294166030835096
huasco,10,xgb,independent,60,0.7062451253018199,0.6452882897847345,0.7607680304455462,0.7893868943266159,0.7687981806804784,0.8080334204149183
huasco,20,catboost,concat_source,60,0.7118869808010929,0.6991612679621764,0.7237347602288183,0.7517828857415576,0.74514081895667,0.7585074756126696
huasco,20,catboost,independent,60,0.6620728064142187,0.590715152770922,0.7227980269746599,0.8243639272771323,0.8027785867630383,0.8457172645586502
huasco,20,logreg,concat_source,60,0.7747539595916877,0.7656891105166967,0.7829368603113533,0.7068841028367482,0.6970660078694497,0.7171869971532691
huasco,20,logreg,independent,60,0.8773389152331401,0.8649934100015985,0.8893582786667078,0.8833486129197611,0.863730925613735,0.9021939606656504
huasco,20,rf,concat_source,60,0.7322976133820933,0.7251111641012461,0.7402214032343339,0.7547079577230191,0.7430456999559194,0.7666326515003661
huasco,20,rf,independent,60,0.7186684896000318,0.6749214586146831,0.760941186607223,0.826130251954744,0.8027792989014066,0.8506406967325969
huasco,20,xgb,concat_source,60,0.644132829859203,0.6129166324583031,0.674211741134211,0.7270012612879382,0.7166485268196137,0.7369854730362551
huasco,20,xgb,independent,60,0.6363161907875917,0.5671131057973778,0.7021962444153073,0.7992946966459499,0.7766703829164182,0.821058120473468
limari,1,catboost,concat_source,120,0.4564124041045014,0.4386994377332699,0.4749617878498039,0.6297365520282187,0.6030148966636317,0.6575630418055269
limari,1,catboost,independent,120,0.521878066998876,0.47902644013415835,0.5671396257398971,0.5304272486772488,0.496347877996948,0.563577646665779
limari,1,logreg,concat_source,120,0.5157264235115113,0.49300179035349,0.5408399808240817,0.5090397598433313,0.47511343150896723,0.5439330495645228
limari,1,logreg,independent,120,0.5097312632123681,0.4666623654763168,0.5524529868918258,0.5168151183032136,0.4814224103993449,0.5524079247334456
limari,1,rf,concat_source,120,0.427995819590857,0.4060021058702551,0.4522251860274735,0.6656495668132574,0.6321021470014774,0.7038853439439748
limari,1,rf,independent,120,0.5305571452304878,0.4841842955912473,0.5735150883878387,0.5180299673320506,0.48017678263645525,0.5566918869641713
limari,1,xgb,concat_source,120,0.31887525232172664,0.2838998018697296,0.35358601419750985,0.5964125022904785,0.5668643184609702,0.6261385774196043
limari,1,xgb,independent,120,0.0,0.0,0.0,0.5,0.5,0.5
limari,5,catboost,concat_source,120,0.45445286280705843,0.4349989271977868,0.4763194814425064,0.6425851313589409,0.6161331605811518,0.6705130141766301
limari,5,catboost,independent,120,0.558330875585935,0.5139210572583157,0.5980606826704067,0.6339722902208021,0.596626890933141,0.6707194903255915
limari,5,logreg,concat_source,120,0.5157264235115113,0.49300179035349,0.5408399808240817,0.5090397598433313,0.47511343150896723,0.5439330495645228
limari,5,logreg,independent,120,0.5556718628693889,0.5136943866256055,0.5931901819040505,0.5870111875558305,0.5523294810348383,0.6220216696084999
limari,5,rf,concat_source,120,0.4467402983514171,0.42407842367264725,0.46965596866134707,0.6409626294120341,0.6106513364584047,0.6715518476645709
limari,5,rf,independent,120,0.5139218859917425,0.4728607074089468,0.5514764880619902,0.6449279329576949,0.6116873298067123,0.6758567296941925
limari,5,xgb,concat_source,120,0.40424981898550205,0.3684641317484407,0.437936675593703,0.6227013817311435,0.5942601405924323,0.6503485921430863
limari,5,xgb,independent,120,0.4609341584275937,0.42246729131371774,0.49925448319310106,0.5283567821067822,0.4980102978480956,0.5579050221603793
limari,10,catboost,concat_source,120,0.4754397371397212,0.4537554076433453,0.49999131403023395,0.6509874510410223,0.6258285464838291,0.6777020353406514
limari,10,catboost,independent,120,0.5870683899142876,0.544325243554711,0.6264973538375791,0.6722609456240409,0.6426959380153576,0.7026762590116012
limari,10,logreg,concat_source,120,0.5156789401306946,0.4925421082531829,0.5404189580826094,0.5092480931766645,0.47532176484230054,0.5443497162311894
limari,10,logreg,independent,120,0.5717150666919891,0.5296627512871446,0.6134776302911001,0.6737229709223757,0.6433125277004742,0.705319407761
limari,10,rf,concat_source,120,0.45071877711894304,0.4302505614418609,0.47129468868035496,0.6375264206692778,0.6087420899041435,0.6676996850592088
limari,10,rf,independent,120,0.6000205081089194,0.5624083374859149,0.6375060542426391,0.6856292474060333,0.6560476385166861,0.717845464870502
limari,10,xgb,concat_source,120,0.49076299495979586,0.4620752804729754,0.5177385070404015,0.6558557785908976,0.6287195756817037,0.6792703885868321
limari,10,xgb,independent,120,0.5615394607112629,0.5202232756310075,0.6009119992788977,0.6720369740488787,0.6356938156544183,0.7062189092598319
limari,20,catboost,concat_source,120,0.5046410690483275,0.4817243826975785,0.527759469292532,0.6714920634920635,0.6469187523620559,0.6980110172014935
limari,20,catboost,independent,120,0.5951656792902189,0.5529751918320901,0.6324916165037039,0.6890328153988868,0.6655348094035594,0.712226827121842
limari,20,logreg,concat_source,120,0.5168897663415208,0.4938496278331806,0.5422700803805519,0.5092480931766645,0.47522170203308606,0.544344507897856
limari,20,logreg,independent,120,0.6105357956376911,0.5762413287032357,0.6436864438613905,0.7316616147300671,0.7026885196923887,0.7598388818027211
limari,20,rf,concat_source,120,0.4972494120538434,0.47515003462716315,0.520887649003308,0.6735159646350122,0.6455814410402209,0.7032381538600289
limari,20,rf,independent,120,0.6162836632538238,0.5804327198540894,0.6485843064294785,0.7133215889049223,0.6904126443538275,0.7391421694087988
limari,20,xgb,concat_source,120,0.5478279295474953,0.528052050526763,0.5661687726702821,0.6950014830848164,0.6752369681795277,0.7177721738716529
limari,20,xgb,independent,120,0.5972308079613522,0.5588425870842028,0.6306447579404568,0.7328091179653679,0.7033663131814173,0.7625112471798484
